{
"type": "FeatureCollection",
"name": "mapa_2025_simplificado",
"crs": { "type": "name", "properties": { "name": "urn:ogc:def:crs:OGC:1.3:CRS84" } },
"features": [
{ "type": "Feature", "properties": { "name_micro": "ALAGOINHAS", "total_migrantes": 0, "populacao": 322994.0, "taxa_100k": 0.0, "ano": 2025.0 }, "geometry": { "type": "Polygon", "coordinates": [ [ [ -38.7741465, -11.3563555 ], [ -38.7817915, -11.3653915 ], [ -38.737418, -11.5005192 ], [ -38.6742408, -11.6929087 ], [ -38.6551283, -11.6946721 ], [ -38.6468221, -11.6904928 ], [ -38.6263286, -11.709116 ], [ -38.6182775, -11.7062712 ], [ -38.6023779, -11.7146102 ], [ -38.5811954, -11.732589 ], [ -38.554997, -11.7462094 ], [ -38.5425073, -11.7568173 ], [ -38.5615549, -11.7742502 ], [ -38.5681563, -11.7911161 ], [ -38.5777657, -11.800721 ], [ -38.5756823, -11.8214452 ], [ -38.579194, -11.8392069 ], [ -38.5890823, -11.8521886 ], [ -38.6048881, -11.9045873 ], [ -38.5970502, -11.9530366 ], [ -38.6312852, -11.9332609 ], [ -38.6169843, -11.962692 ], [ -38.6170722, -11.9782488 ], [ -38.6074101, -11.9942555 ], [ -38.6057339, -12.0218368 ], [ -38.5862455, -12.0450423 ], [ -38.586607, -12.0627675 ], [ -38.5759912, -12.0866091 ], [ -38.5766704, -12.1152125 ], [ -38.570453, -12.1241556 ], [ -38.5803501, -12.1457548 ], [ -38.5798596, -12.1549753 ], [ -38.5886925, -12.1775801 ], [ -38.5866603, -12.1936754 ], [ -38.5494365, -12.2447725 ], [ -38.520802, -12.2593044 ], [ -38.527279, -12.2750905 ], [ -38.468907, -12.2851537 ], [ -38.4473168, -12.2617373 ], [ -38.4341124, -12.2688824 ], [ -38.3941631, -12.2493624 ], [ -38.3776993, -12.2186719 ], [ -38.3373512, -12.2410116 ], [ -38.3100814, -12.2488136 ], [ -38.2929275, -12.2645741 ], [ -38.2728678, -12.2783433 ], [ -38.2117477, -12.2688259 ], [ -38.1211339, -12.2514513 ], [ -38.1075576, -12.2385404 ], [ -38.0854834, -12.2426681 ], [ -38.077122, -12.2393019 ], [ -38.0797983, -12.2072353 ], [ -38.065953199999988, -12.1867145 ], [ -38.0767889, -12.1817072 ], [ -38.0818995, -12.1581095 ], [ -38.0915917, -12.1460638 ], [ -38.1036283, -12.1413088 ], [ -38.1379854, -12.1432769 ], [ -38.1462929, -12.1250795 ], [ -38.1728326, -12.1143534 ], [ -38.1979025, -12.1114005 ], [ -38.2007228, -12.09466 ], [ -38.2103811, -12.0745697 ], [ -38.2112778, -12.0509919 ], [ -38.2019008, -12.0350295 ], [ -38.1983481, -12.0192716 ], [ -38.2128215, -12.0107431 ], [ -38.2384877, -12.0146762 ], [ -38.2459553, -12.029096 ], [ -38.2828365, -12.0395277 ], [ -38.2730441, -11.9635122 ], [ -38.1910461, -11.910269 ], [ -38.1852847, -11.9016757 ], [ -38.1962541, -11.8666248 ], [ -38.1950969, -11.8393473 ], [ -38.1857469, -11.8379838 ], [ -38.2002127, -11.7916311 ], [ -38.1807635, -11.7828262 ], [ -38.1584835, -11.8027961 ], [ -38.1439726, -11.7997934 ], [ -38.1474637, -11.7859371 ], [ -38.1439772, -11.7642766 ], [ -38.1388234, -11.7636111 ], [ -38.1117325, -11.7328296 ], [ -38.0664876, -11.6890802 ], [ -38.0465839, -11.6795946 ], [ -38.0252451, -11.7323171 ], [ -38.0279021, -11.7510493 ], [ -38.01145, -11.768591 ], [ -37.9888352, -11.7371045 ], [ -37.9233066, -11.677077 ], [ -37.8940327, -11.690474 ], [ -37.8650937, -11.6840923 ], [ -37.858383599999989, -11.6950283 ], [ -37.8601968, -11.7129599 ], [ -37.8515022, -11.7250476 ], [ -37.8363843, -11.7345309 ], [ -37.812873, -11.7367737 ], [ -37.7951889, -11.7315501 ], [ -37.7836914, -11.7221084 ], [ -37.7775238, -11.7068989 ], [ -37.7525097, -11.7098126 ], [ -37.7386399, -11.7235135 ], [ -37.7321416, -11.7084444 ], [ -37.7379106, -11.6894765 ], [ -37.7477589, -11.6799465 ], [ -37.7499248, -11.6612859 ], [ -37.7640227, -11.6375892 ], [ -37.7758232, -11.6376694 ], [ -37.7903189, -11.6255875 ], [ -37.8012935, -11.6063797 ], [ -37.8121001, -11.5970253 ], [ -37.8220905, -11.5964966 ], [ -37.8266176, -11.5854414 ], [ -37.8288706, -11.5585987 ], [ -37.821009, -11.5415581 ], [ -37.8108428, -11.5366313 ], [ -37.7999767, -11.5213761 ], [ -37.8149329, -11.51378 ], [ -37.8088293, -11.4960421 ], [ -37.8244472, -11.4910927 ], [ -37.8534577, -11.4674974 ], [ -37.8643318, -11.4665836 ], [ -37.8607512, -11.451355 ], [ -37.8697564, -11.4348147 ], [ -37.8806625, -11.4314336 ], [ -37.8975563, -11.4378462 ], [ -37.9099718, -11.4105335 ], [ -37.9169437, -11.4027678 ], [ -37.9283395, -11.4092533 ], [ -37.9363691, -11.4216614 ], [ -37.9682775, -11.389536 ], [ -37.969352, -11.3728033 ], [ -37.9784284, -11.3660543 ], [ -37.9826002, -11.346796 ], [ -37.9942438, -11.343396 ], [ -38.0134067, -11.3687435 ], [ -38.0282129, -11.3780665 ], [ -38.0364499, -11.3903058 ], [ -38.0257771, -11.3985767 ], [ -38.0448869, -11.4255739 ], [ -38.0614539, -11.4356971 ], [ -38.0798946, -11.442016 ], [ -38.0820698, -11.4580219 ], [ -38.0988923, -11.4411204 ], [ -38.1055615, -11.4256702 ], [ -38.121002, -11.4256708 ], [ -38.14121, -11.4089209 ], [ -38.146675, -11.3931904 ], [ -38.1682836, -11.3804595 ], [ -38.1777119, -11.36579 ], [ -38.2074304, -11.3521829 ], [ -38.2195094, -11.3551462 ], [ -38.2387793, -11.3730547 ], [ -38.2413542, -11.3864269 ], [ -38.2592192, -11.4108391 ], [ -38.2638326, -11.423965 ], [ -38.2777263, -11.4901469 ], [ -38.2914013, -11.5865691 ], [ -38.3014965, -11.626247 ], [ -38.3384147, -11.5930118 ], [ -38.3564204, -11.5901302 ], [ -38.3975233, -11.5574153 ], [ -38.4045869, -11.5359202 ], [ -38.4167687, -11.5344158 ], [ -38.4271365, -11.544464 ], [ -38.4431063, -11.5340592 ], [ -38.4634355, -11.5135085 ], [ -38.496324, -11.4918927 ], [ -38.5090651, -11.4880474 ], [ -38.53359, -11.4881296 ], [ -38.5564841, -11.4846104 ], [ -38.57086, -11.4917903 ], [ -38.5708812, -11.4637533 ], [ -38.6409817, -11.4407139 ], [ -38.6645306, -11.4308 ], [ -38.6625598, -11.424698 ], [ -38.6434902, -11.4101803 ], [ -38.621963, -11.4110112 ], [ -38.7741465, -11.3563555 ] ] ] } },
{ "type": "Feature", "properties": { "name_micro": "BARRA", "total_migrantes": 0, "populacao": 180297.0, "taxa_100k": 0.0, "ano": 2025.0 }, "geometry": { "type": "Polygon", "coordinates": [ [ [ -42.7476343, -11.730765 ], [ -42.7440543, -11.704826 ], [ -42.7713667, -11.6998126 ], [ -42.8048714, -11.6732101 ], [ -42.8138643, -11.6497437 ], [ -42.833641, -11.6342988 ], [ -42.8644641, -11.5990661 ], [ -42.8670921, -11.5573759 ], [ -42.8614507, -11.5413117 ], [ -42.8367685, -11.5273376 ], [ -42.9126198, -11.2772626 ], [ -42.8224613, -11.3076795 ], [ -42.8373641, -11.2712476 ], [ -42.8362473, -11.2337015 ], [ -42.8433515, -11.2201528 ], [ -42.8325401, -11.1985037 ], [ -42.8387807, -11.1594265 ], [ -42.8220304, -11.1411039 ], [ -42.8059394, -11.1421986 ], [ -42.8027841, -11.1278823 ], [ -42.7856711, -11.117179 ], [ -42.7660302, -11.0915596 ], [ -42.7707135, -11.0766723 ], [ -42.7906001, -11.058313 ], [ -42.758018, -11.0438534 ], [ -42.7548941, -11.0258564 ], [ -42.762563, -11.0158009 ], [ -42.7382499, -11.0060139 ], [ -42.7221923, -11.0033272 ], [ -42.6947475, -11.0070604 ], [ -42.6713211, -11.0146073 ], [ -42.6660205, -11.0250116 ], [ -42.6510155, -11.035308 ], [ -42.6365948, -11.0376258 ], [ -42.6248127, -11.0567041 ], [ -42.6273895, -11.0741237 ], [ -42.6201065, -11.0875401 ], [ -42.538200499999988, -11.0050284 ], [ -42.5161744, -11.0105928 ], [ -42.5253138, -11.0275307 ], [ -42.5227097, -11.0544663 ], [ -42.5113782, -11.0584366 ], [ -42.5001118, -11.0962761 ], [ -42.5113314, -11.1066421 ], [ -42.5167006, -11.1294316 ], [ -42.5092517, -11.1491129 ], [ -42.5024761, -11.1557322 ], [ -42.486876, -11.1493162 ], [ -42.4750383, -11.171873 ], [ -42.4760601, -11.1781218 ], [ -42.451176, -11.2169125 ], [ -42.4585353, -11.2240638 ], [ -42.4429497, -11.2454429 ], [ -42.4403487, -11.265758 ], [ -42.4264847, -11.2850425 ], [ -42.3791776, -11.2758827 ], [ -42.3457927, -11.2786012 ], [ -42.3415592, -11.2853547 ], [ -42.3259637, -11.2860507 ], [ -42.2402901, -11.261235 ], [ -42.2582794, -11.1423102 ], [ -42.1897145, -11.0748635 ], [ -42.146161, -11.0472524 ], [ -42.145262, -11.0233062 ], [ -42.0890672, -11.0222174 ], [ -42.0742308, -11.0274325 ], [ -42.0888947, -10.9328926 ], [ -41.9146539, -10.7793642 ], [ -41.8219723, -10.6976998 ], [ -41.9159295, -10.6428364 ], [ -41.9982717, -10.6418214 ], [ -42.0059784, -10.640404 ], [ -42.0166788, -10.6256237 ], [ -42.0154571, -10.606721 ], [ -42.0217345, -10.5936685 ], [ -42.0358479, -10.5837671 ], [ -42.0482878, -10.5442497 ], [ -42.0647847, -10.5304453 ], [ -42.0637366, -10.5154243 ], [ -42.0723507, -10.5030273 ], [ -42.0689624, -10.4947767 ], [ -42.0836017, -10.4862359 ], [ -42.0892285, -10.4758024 ], [ -42.0795777, -10.4575679 ], [ -42.086603, -10.4242937 ], [ -42.094039699999989, -10.4086016 ], [ -42.0918624, -10.382001 ], [ -42.1228257, -10.3579814 ], [ -42.133681, -10.3444491 ], [ -42.1308799, -10.3364347 ], [ -42.132556, -10.3129682 ], [ -42.1426794, -10.2903966 ], [ -42.1560853, -10.2733664 ], [ -42.15966, -10.2579383 ], [ -42.4054672, -10.1851203 ], [ -42.4023807, -10.2017205 ], [ -42.4057288, -10.2225814 ], [ -42.4046467, -10.2530793 ], [ -42.4164889, -10.2642336 ], [ -42.4373891, -10.2718901 ], [ -42.4562598, -10.3003602 ], [ -42.4587669, -10.3107972 ], [ -42.4544361, -10.3442608 ], [ -42.4644863, -10.3821944 ], [ -42.4919193, -10.4085888 ], [ -42.5058812, -10.4144815 ], [ -42.5457295, -10.4489678 ], [ -42.5537348, -10.4600258 ], [ -42.5699993, -10.4703513 ], [ -42.5798141, -10.4941677 ], [ -42.5776218, -10.5150721 ], [ -42.5816749, -10.5375304 ], [ -42.5871974, -10.5451042 ], [ -42.619205, -10.5686436 ], [ -42.9416972, -10.4065943 ], [ -43.1375164, -10.3081869 ], [ -43.2792556, -10.2369944 ], [ -43.384716, -10.239956 ], [ -43.4678743, -10.2347199 ], [ -43.506735, -10.248928 ], [ -43.5228201, -10.2448353 ], [ -43.5418558, -10.2449543 ], [ -43.5531583, -10.2519737 ], [ -43.5836675, -10.2482313 ], [ -43.5977627, -10.2583756 ], [ -43.5959474, -10.2678791 ], [ -43.6077778, -10.2784949 ], [ -43.6230539, -10.2830635 ], [ -43.6329144, -10.3036418 ], [ -43.6507604, -10.3056049 ], [ -43.6646802, -10.3263062 ], [ -43.6542701, -10.3459962 ], [ -43.6615274, -10.360392 ], [ -43.6610684, -10.3739702 ], [ -43.6823185, -10.3741565 ], [ -43.7057324, -10.3612122 ], [ -43.726022, -10.3561835 ], [ -43.7707923, -10.3930881 ], [ -43.9158894, -10.3930848 ], [ -43.9143635, -10.4182274 ], [ -43.9235621, -10.4325168 ], [ -43.9367348, -10.4361303 ], [ -43.9769335, -10.4313765 ], [ -43.9981252, -10.4100647 ], [ -44.018067599999988, -10.405147 ], [ -44.0277653, -10.412474 ], [ -44.0347965, -10.4301687 ], [ -44.0357645, -10.4447135 ], [ -44.025843699999989, -10.4754707 ], [ -44.0510104, -10.5062386 ], [ -44.0624891, -10.5513378 ], [ -44.0721137, -10.5799277 ], [ -44.0834286, -10.58909 ], [ -44.0807809, -10.5990808 ], [ -44.0694897, -10.6055105 ], [ -44.0581984, -10.6218201 ], [ -44.0374978, -10.630759 ], [ -43.9970348, -10.6405273 ], [ -43.9895282, -10.6692348 ], [ -43.9716748, -10.6792774 ], [ -43.9411414, -10.7165058 ], [ -43.9273514, -10.7576871 ], [ -43.9201433, -10.7653999 ], [ -43.9202447, -10.7784856 ], [ -43.9068547, -10.7986722 ], [ -43.9209548, -10.8128738 ], [ -43.9177087, -10.8375237 ], [ -43.9019855, -10.8520296 ], [ -43.9136722, -10.8712553 ], [ -43.9234948, -10.8788062 ], [ -43.9232845, -10.8973666 ], [ -43.9406387, -10.9059 ], [ -43.9574418, -10.9282389 ], [ -43.9809263, -10.9287828 ], [ -43.9944479, -10.9378504 ], [ -44.0076314, -10.9361591 ], [ -44.0172476, -10.9414902 ], [ -44.0252288, -10.9557213 ], [ -44.0132717, -10.9723938 ], [ -44.000198, -10.9983428 ], [ -43.9866216, -11.0100235 ], [ -43.9796089, -11.0252099 ], [ -43.9600768, -11.0505885 ], [ -43.9261265, -11.0818791 ], [ -43.9220236, -11.0974392 ], [ -43.9146384, -11.1049885 ], [ -43.9080633, -11.1243146 ], [ -43.910142099999987, -11.1353636 ], [ -43.9030777, -11.1588014 ], [ -43.8957643, -11.172013 ], [ -43.8791586, -11.2291778 ], [ -43.8708023, -11.2424148 ], [ -43.8616784, -11.2808104 ], [ -43.8458468, -11.3176213 ], [ -43.8358232, -11.3301849 ], [ -43.8222765, -11.3743867 ], [ -43.8057507, -11.4455897 ], [ -43.7970716, -11.4585574 ], [ -43.7903635, -11.5003158 ], [ -43.7779099, -11.543992 ], [ -43.7705202, -11.5869894 ], [ -43.758182, -11.6220891 ], [ -43.7480284, -11.6427261 ], [ -43.7382185, -11.6756734 ], [ -43.7234684, -11.7033775 ], [ -43.706768, -11.7287706 ], [ -43.7041189, -11.7420052 ], [ -43.6911133, -11.7651995 ], [ -43.6785391, -11.7938523 ], [ -43.6712768, -11.8259602 ], [ -43.6608999, -11.852009 ], [ -43.661820299999988, -11.8652193 ], [ -43.7115592, -11.8710126 ], [ -43.7123206, -11.8811015 ], [ -43.6936657, -11.8999469 ], [ -43.6925235, -11.9077515 ], [ -43.7048967, -11.9214572 ], [ -43.7176506, -11.9275486 ], [ -43.7252042, -11.9444911 ], [ -43.740275, -11.9499744 ], [ -43.7396, -11.971379 ], [ -43.760100199999989, -12.0036914 ], [ -43.7500065, -12.0147321 ], [ -43.7235517, -12.0160646 ], [ -43.7215127, -12.0257634 ], [ -43.7317464, -12.0481346 ], [ -43.7955264, -12.0917339 ], [ -43.7976677, -12.1116159 ], [ -43.8141425, -12.116108 ], [ -43.823917, -12.1251656 ], [ -43.8157609, -12.1352352 ], [ -43.8232932, -12.1493474 ], [ -43.8482154, -12.1652194 ], [ -43.8645805, -12.1605144 ], [ -43.8880429, -12.1723789 ], [ -43.8854442, -12.1847275 ], [ -43.9107577, -12.2048278 ], [ -43.9152282, -12.228288 ], [ -43.9289048, -12.2431642 ], [ -43.9130333, -12.2564001 ], [ -43.8912764, -12.2528716 ], [ -43.8841384, -12.2474802 ], [ -43.8668111, -12.2512969 ], [ -43.8522558, -12.2423062 ], [ -43.8349166, -12.2502266 ], [ -43.8207282, -12.2514208 ], [ -43.8048254, -12.2459914 ], [ -43.7817763, -12.2580365 ], [ -43.7751168, -12.2744657 ], [ -43.7673064, -12.2807172 ], [ -43.7366568, -12.2841677 ], [ -43.7197437, -12.3123015 ], [ -43.7106905, -12.3221616 ], [ -43.6853203, -12.318992 ], [ -43.7074067, -12.3707773 ], [ -43.7054059, -12.3843533 ], [ -43.6793604, -12.3894966 ], [ -43.553545, -12.5065033 ], [ -43.4435977, -12.5514355 ], [ -43.2389777, -12.6303794 ], [ -43.2335828, -12.6392958 ], [ -43.2293682, -12.6857279 ], [ -43.2156, -12.688386 ], [ -43.2012917, -12.673928 ], [ -43.191298, -12.6480014 ], [ -43.1875844, -12.6200487 ], [ -43.191194, -12.6078038 ], [ -43.2062107, -12.5902873 ], [ -43.2068834, -12.5433313 ], [ -43.2239068, -12.5095408 ], [ -43.2374405, -12.477137 ], [ -43.2482022, -12.44317 ], [ -43.257999, -12.4308803 ], [ -43.2531357, -12.3994706 ], [ -43.2527806, -12.3811444 ], [ -43.2039016, -12.3530451 ], [ -43.1194877, -12.3281741 ], [ -43.1135887, -12.3152442 ], [ -43.0865411, -12.3119119 ], [ -43.0759961, -12.3197929 ], [ -43.0769826, -12.3356868 ], [ -43.0631178, -12.3474873 ], [ -43.0364961, -12.3306798 ], [ -43.0154364, -12.3328195 ], [ -42.9723355, -12.332486 ], [ -42.9732718, -12.3204418 ], [ -42.9628445, -12.299582 ], [ -42.9637149, -12.2687224 ], [ -42.980388, -12.2612199 ], [ -42.9758452, -12.2413179 ], [ -42.9804602, -12.2166683 ], [ -42.9776209, -12.1949724 ], [ -42.9906344, -12.193852 ], [ -43.0101123, -12.1784706 ], [ -43.0117541, -12.1671206 ], [ -43.0280772, -12.164126 ], [ -43.0325315, -12.1507059 ], [ -43.0572018, -12.1473365 ], [ -43.0636004, -12.1399492 ], [ -43.0585724, -12.0945125 ], [ -43.0740484, -12.0955975 ], [ -43.0828042, -12.0699359 ], [ -43.1149776, -12.0458769 ], [ -43.1303317, -12.0487341 ], [ -43.1433646, -12.0449013 ], [ -43.1365527, -12.019485 ], [ -42.9454785, -11.9768517 ], [ -42.915199, -11.9720089 ], [ -42.9017925, -11.962327 ], [ -42.8728996, -11.964039 ], [ -42.8665023, -11.9592836 ], [ -42.8135364, -11.9410499 ], [ -42.8611932, -11.7939595 ], [ -42.8483577, -11.7878481 ], [ -42.8422733, -11.7776212 ], [ -42.8270335, -11.7753236 ], [ -42.8015788, -11.7605473 ], [ -42.7839923, -11.7451047 ], [ -42.7476343, -11.730765 ] ] ] } },
{ "type": "Feature", "properties": { "name_micro": "BARREIRAS", "total_migrantes": 48, "populacao": 392599.0, "taxa_100k": 1.222621555327446, "ano": 2025.0 }, "geometry": { "type": "Polygon", "coordinates": [ [ [ -46.2089639, -13.4655628 ], [ -46.2018106, -13.4620736 ], [ -46.0769825, -13.3854987 ], [ -45.931578, -13.2965387 ], [ -45.9210251, -13.2947661 ], [ -45.8938023, -13.2819447 ], [ -45.8790104, -13.2786201 ], [ -45.8536886, -13.2632713 ], [ -45.8271035, -13.2533497 ], [ -45.7836527, -13.2471423 ], [ -45.7584526, -13.2357561 ], [ -45.7309482, -13.2345306 ], [ -45.7002299, -13.2189668 ], [ -45.6883324, -13.2103324 ], [ -45.6687302, -13.2085768 ], [ -45.6569561, -13.2023701 ], [ -45.63197, -13.1967519 ], [ -45.6090423, -13.1849695 ], [ -45.5828162, -13.1849038 ], [ -45.5560205, -13.1921808 ], [ -45.4912469, -13.164198 ], [ -45.4449179, -13.153957 ], [ -45.4273391, -13.1569753 ], [ -45.4110729, -13.1683121 ], [ -45.3943011, -13.1656763 ], [ -45.3684028, -13.151897 ], [ -45.3238855, -13.1496023 ], [ -45.3167674, -13.1413355 ], [ -45.2690546, -13.1307468 ], [ -45.2394683, -13.1324968 ], [ -45.2155576, -13.1300213 ], [ -45.1946325, -13.1244985 ], [ -45.1764031, -13.1123412 ], [ -45.1534486, -13.1064501 ], [ -45.1291192, -13.0924447 ], [ -45.1173589, -13.0939333 ], [ -45.1048543, -13.0849693 ], [ -45.0815794, -13.0765074 ], [ -45.0654127, -13.0765111 ], [ -45.0456833, -13.0706394 ], [ -45.0343509, -13.060573 ], [ -44.9919613, -13.0508579 ], [ -44.9406746, -13.0258744 ], [ -44.8952687, -13.0142248 ], [ -44.8766422, -13.013599 ], [ -44.8496481, -13.0015977 ], [ -44.839533, -13.00293 ], [ -44.8249427, -12.9947369 ], [ -44.8055535, -12.9964413 ], [ -44.7872554, -12.9899515 ], [ -44.778394, -13.0106409 ], [ -44.7555378, -13.0207093 ], [ -44.7473172, -13.0342192 ], [ -44.7216629, -13.0501043 ], [ -44.7146829, -13.0771657 ], [ -44.7033699, -13.0734998 ], [ -44.6639244, -13.046937 ], [ -44.6498469, -13.0438185 ], [ -44.6373698, -13.0217638 ], [ -44.6202718, -13.0138551 ], [ -44.6159988, -12.9920002 ], [ -44.6201787, -12.9719545 ], [ -44.611829, -12.9605259 ], [ -44.6010192, -12.9601479 ], [ -44.5862991, -12.9688284 ], [ -44.5809813, -12.9784954 ], [ -44.5691131, -12.9765771 ], [ -44.555405, -12.959441 ], [ -44.5505944, -12.9428398 ], [ -44.3421062, -13.1183054 ], [ -44.3317214, -13.0945813 ], [ -44.3204134, -13.0927326 ], [ -44.3068192, -13.0745388 ], [ -44.3119737, -13.0539206 ], [ -44.3037264, -13.0398315 ], [ -44.3059601, -13.0272029 ], [ -44.2938469, -13.017581 ], [ -44.2844353, -12.9965758 ], [ -44.2666413, -12.9952124 ], [ -44.2561777, -12.9812624 ], [ -44.2555061, -12.9595838 ], [ -44.2414038, -12.9532205 ], [ -44.243237, -12.9358383 ], [ -44.2360749, -12.9108815 ], [ -44.2488486, -12.9090356 ], [ -44.2377362, -12.8855648 ], [ -44.200376, -12.8762748 ], [ -44.1819549, -12.8764874 ], [ -44.1683298, -12.8602757 ], [ -44.1682119, -12.8391447 ], [ -44.1738834, -12.8206888 ], [ -44.1538863, -12.8035936 ], [ -44.1565278, -12.7876524 ], [ -44.1519358, -12.7761926 ], [ -44.1721769, -12.7634986 ], [ -44.171841099999988, -12.7508488 ], [ -44.1791683, -12.7412156 ], [ -44.2625871, -12.6392308 ], [ -44.2652154, -12.6345485 ], [ -44.2333926, -12.5706248 ], [ -44.3149024, -12.5233873 ], [ -44.3303165, -12.4670228 ], [ -44.3202257, -12.3624174 ], [ -44.3126, -12.306574 ], [ -44.3363731, -12.3053792 ], [ -44.3511821, -12.2965348 ], [ -44.3787453, -12.2944041 ], [ -44.3964248, -12.2877041 ], [ -44.4281724, -12.2972311 ], [ -44.4409962, -12.2959346 ], [ -44.4654355, -12.308147 ], [ -44.4965099, -12.3015938 ], [ -44.5316076, -12.3081779 ], [ -44.5351273, -12.3005581 ], [ -44.466052, -12.1440828 ], [ -44.579832, -12.1550942 ], [ -44.6178369, -12.1407856 ], [ -44.6288079, -12.1424148 ], [ -44.6380325, -12.1532597 ], [ -44.6553581, -12.1531917 ], [ -44.6841436, -12.1612594 ], [ -44.6970232, -12.1728295 ], [ -44.7053872, -12.1687017 ], [ -44.7080588, -12.1501585 ], [ -44.7172738, -12.1248152 ], [ -44.7355199, -12.1107978 ], [ -44.7583024, -12.1153742 ], [ -44.7738924, -12.1149838 ], [ -44.7800263, -12.1052082 ], [ -44.7982811, -12.105258 ], [ -44.8165417, -12.1359493 ], [ -44.8342448, -12.147359 ], [ -44.84094, -12.1456746 ], [ -44.8413731, -12.1190206 ], [ -44.8824115, -12.0508336 ], [ -44.9157652, -12.0340214 ], [ -44.9334868, -12.0334399 ], [ -44.9273439, -12.0214699 ], [ -44.9291821, -12.007296 ], [ -44.9166629, -12.0040796 ], [ -44.9043379, -12.0084002 ], [ -44.8874841, -11.9870751 ], [ -44.8799415, -11.9831462 ], [ -44.8693929, -11.9408029 ], [ -44.8544774, -11.9396407 ], [ -44.8381256, -11.9248883 ], [ -44.8286543, -11.9090006 ], [ -44.8295636, -11.8940913 ], [ -44.8198098, -11.8816071 ], [ -44.753467, -11.8659562 ], [ -44.7476838, -11.8546757 ], [ -44.72962, -11.8469695 ], [ -44.7275692, -11.8300572 ], [ -44.6970097, -11.8072884 ], [ -44.679917599999989, -11.799883 ], [ -44.6858733, -11.789297 ], [ -44.6778362, -11.7663874 ], [ -44.6604981, -11.7547031 ], [ -44.6633098, -11.7476794 ], [ -44.6432146, -11.7261986 ], [ -44.6418844, -11.7087151 ], [ -44.6509772, -11.6918712 ], [ -44.6617296, -11.6871453 ], [ -44.6747663, -11.6611477 ], [ -44.6853704, -11.6596087 ], [ -44.6853752, -11.4078283 ], [ -44.6937055, -11.4103458 ], [ -44.7131835, -11.39679 ], [ -44.7345838, -11.402807 ], [ -44.7710225, -11.4219171 ], [ -44.7927292, -11.4169312 ], [ -44.8014664, -11.3995227 ], [ -44.819252399999989, -11.3842502 ], [ -44.8392638, -11.3851047 ], [ -44.8566345, -11.3585937 ], [ -44.8724552, -11.3464398 ], [ -44.888867, -11.3544122 ], [ -44.9003517, -11.3489412 ], [ -44.9090943, -11.3536649 ], [ -44.9265164, -11.3446847 ], [ -44.9444019, -11.3410431 ], [ -44.9656565, -11.3626276 ], [ -44.9673299, -11.3802577 ], [ -44.9824547, -11.3829164 ], [ -44.9929481, -11.3617154 ], [ -44.9909494, -11.3466534 ], [ -44.9792424, -11.3375877 ], [ -44.9662506, -11.3166722 ], [ -44.9590408, -11.3125319 ], [ -44.9506175, -11.2925445 ], [ -44.9586125, -11.2687737 ], [ -44.9571134, -11.2361037 ], [ -44.9630859, -11.2244443 ], [ -44.959516699999988, -11.2145933 ], [ -44.9463821, -11.2094537 ], [ -44.9418849, -11.2011018 ], [ -44.9772494, -11.1887878 ], [ -44.9830007, -11.1592978 ], [ -44.9918907, -11.1425343 ], [ -45.0084409, -11.1216202 ], [ -44.9931809, -11.1088058 ], [ -44.975272, -11.0882516 ], [ -44.9635957, -11.0797889 ], [ -44.9593138, -11.0696265 ], [ -44.977557, -11.0346589 ], [ -44.9700318, -11.004818 ], [ -44.975338, -10.9913978 ], [ -44.9738151, -10.9784535 ], [ -44.9804776, -10.9693164 ], [ -44.9781933, -10.9555155 ], [ -44.9692466, -10.9538975 ], [ -44.9651539, -10.9372413 ], [ -44.9446946, -10.9189996 ], [ -44.9683773, -10.9005094 ], [ -44.9729948, -10.8922914 ], [ -44.9950448, -10.8838946 ], [ -45.0165971, -10.8845991 ], [ -45.0219735, -10.8750914 ], [ -45.0515016, -10.8513847 ], [ -45.0821133, -10.8395029 ], [ -45.1065438, -10.8464659 ], [ -45.1165195, -10.8407723 ], [ -45.157868199999989, -10.839231 ], [ -45.1709444, -10.8347315 ], [ -45.2051295, -10.8329274 ], [ -45.2179711, -10.8289005 ], [ -45.2192232, -10.8173761 ], [ -45.2459674, -10.8224831 ], [ -45.2574428, -10.811845 ], [ -45.268466, -10.7762298 ], [ -45.2949664, -10.7643008 ], [ -45.3135814, -10.763011 ], [ -45.3297056, -10.7555599 ], [ -45.358219, -10.7322075 ], [ -45.3691162, -10.6799495 ], [ -45.385216, -10.6516326 ], [ -45.4188325, -10.6438196 ], [ -45.432426, -10.6305552 ], [ -45.4373282, -10.6155663 ], [ -45.436793, -10.5767735 ], [ -45.4461612, -10.5623236 ], [ -45.4390528, -10.5222931 ], [ -45.4474112, -10.5093552 ], [ -45.4311026, -10.4883838 ], [ -45.4002689, -10.4630743 ], [ -45.3959943, -10.4450252 ], [ -45.4184946, -10.4323304 ], [ -45.428806, -10.4138574 ], [ -45.4294423, -10.3947018 ], [ -45.425803, -10.3754587 ], [ -45.4303225, -10.359463 ], [ -45.4568243, -10.3385708 ], [ -45.4732664, -10.3153328 ], [ -45.490691, -10.3010207 ], [ -45.5143606, -10.2898366 ], [ -45.5223538, -10.2766536 ], [ -45.5233559, -10.2441406 ], [ -45.530917699999989, -10.2331846 ], [ -45.5508178, -10.2222808 ], [ -45.5673109, -10.2014845 ], [ -45.5716489, -10.1809398 ], [ -45.5654337, -10.1599776 ], [ -45.5674564, -10.1395225 ], [ -45.5793521, -10.1219338 ], [ -45.5932274, -10.110297 ], [ -45.6031761, -10.1079822 ], [ -45.6392408, -10.1262029 ], [ -45.6474794, -10.1268255 ], [ -45.6693055, -10.1453653 ], [ -45.6901759, -10.1554004 ], [ -45.7234839, -10.1554127 ], [ -45.7019773, -10.1793504 ], [ -45.6992647, -10.2585673 ], [ -45.7268896, -10.3125357 ], [ -45.7981846, -10.3232473 ], [ -45.8202113, -10.456054 ], [ -45.8708973, -10.5032789 ], [ -45.9292229, -10.5216007 ], [ -45.9746323, -10.5518698 ], [ -46.0607652, -10.6001785 ], [ -46.1276129, -10.6206007 ], [ -46.149704899999989, -10.6359108 ], [ -46.1607629, -10.659439 ], [ -46.151888299999989, -10.6716468 ], [ -46.1503463, -10.691554 ], [ -46.1651513, -10.7224792 ], [ -46.1926098, -10.7427684 ], [ -46.2061431, -10.7977962 ], [ -46.2264451, -10.7829371 ], [ -46.2382963, -10.7904957 ], [ -46.260537, -10.8120374 ], [ -46.2672663, -10.9348023 ], [ -46.3415579, -10.9390123 ], [ -46.4660929, -11.1336023 ], [ -46.5522029, -11.262799 ], [ -46.5764646, -11.3420207 ], [ -46.5767863, -11.3614907 ], [ -46.5685604, -11.3713482 ], [ -46.5369829, -11.3718157 ], [ -46.5314515, -11.3766085 ], [ -46.5274763, -11.4043673 ], [ -46.5236663, -11.4636307 ], [ -46.4393179, -11.5210457 ], [ -46.3496879, -11.5061957 ], [ -46.2504813, -11.536689 ], [ -46.2095129, -11.585269 ], [ -46.1041479, -11.6080173 ], [ -46.0861513, -11.616984 ], [ -46.090185, -11.6233556 ], [ -46.1073456, -11.625734 ], [ -46.1253485, -11.6207912 ], [ -46.1422703, -11.6264071 ], [ -46.1467455, -11.6452234 ], [ -46.1550741, -11.6502005 ], [ -46.1759261, -11.6468277 ], [ -46.1992864, -11.6482028 ], [ -46.2265165, -11.6362598 ], [ -46.238453, -11.6224015 ], [ -46.2360793, -11.610525 ], [ -46.2439794, -11.6053653 ], [ -46.2746199, -11.6070501 ], [ -46.2869484, -11.6158089 ], [ -46.3068129, -11.6072255 ], [ -46.3411279, -11.6101994 ], [ -46.3456447, -11.6192057 ], [ -46.3602947, -11.6152354 ], [ -46.3848382, -11.6267964 ], [ -46.3849355, -11.6458322 ], [ -46.3597127, -11.631854 ], [ -46.3383223, -11.64208 ], [ -46.3435416, -11.6546423 ], [ -46.3279114, -11.6762973 ], [ -46.3129124, -11.6781101 ], [ -46.3077508, -11.6865667 ], [ -46.3184153, -11.6973514 ], [ -46.3281734, -11.7202527 ], [ -46.342121, -11.7374872 ], [ -46.3574336, -11.7452121 ], [ -46.3769949, -11.7486155 ], [ -46.373637, -11.7681529 ], [ -46.3565003, -11.7624848 ], [ -46.3489038, -11.7758739 ], [ -46.3363231, -11.768873 ], [ -46.3287343, -11.7733586 ], [ -46.3442678, -11.7870633 ], [ -46.3375516, -11.7940212 ], [ -46.337911, -11.814101 ], [ -46.3471165, -11.8106395 ], [ -46.3550022, -11.8212407 ], [ -46.3495667, -11.8355376 ], [ -46.3575208, -11.8408197 ], [ -46.3729703, -11.8322511 ], [ -46.3804812, -11.8670042 ], [ -46.3678074, -11.8889082 ], [ -46.3493784, -11.8867243 ], [ -46.3223189, -11.9078316 ], [ -46.3067835, -11.9137471 ], [ -46.2890296, -11.9097253 ], [ -46.2778522, -11.9150878 ], [ -46.2580288, -11.9116233 ], [ -46.2477131, -11.9192975 ], [ -46.2303485, -11.916101 ], [ -46.2142487, -11.9082958 ], [ -46.1900096, -11.9032436 ], [ -46.1800747, -11.9071883 ], [ -46.193221, -11.9209392 ], [ -46.2078714, -11.9224558 ], [ -46.2327679, -11.9364031 ], [ -46.261545299999987, -11.9353917 ], [ -46.2966545, -11.9377059 ], [ -46.3363196, -11.9543783 ], [ -46.3531047, -11.977638 ], [ -46.3646872, -11.980683 ], [ -46.363930599999989, -11.9908618 ], [ -46.388222899999988, -12.0042038 ], [ -46.4020246, -12.0165592 ], [ -46.4215058, -12.0174554 ], [ -46.421932, -12.0286035 ], [ -46.438313, -12.031522 ], [ -46.4554723, -12.0295676 ], [ -46.4649206, -12.0455159 ], [ -46.4510825, -12.054292 ], [ -46.4142209, -12.0479206 ], [ -46.3895185, -12.0474858 ], [ -46.3850231, -12.0538757 ], [ -46.388024, -12.0759854 ], [ -46.3801915, -12.0935867 ], [ -46.370221, -12.1024001 ], [ -46.3715733, -12.1233366 ], [ -46.3886491, -12.1563416 ], [ -46.3924562, -12.1706211 ], [ -46.3811393, -12.1811696 ], [ -46.3969083, -12.1901349 ], [ -46.3774062, -12.1965471 ], [ -46.3775664, -12.2132427 ], [ -46.3663467, -12.215256 ], [ -46.3695801, -12.2316744 ], [ -46.3882934, -12.2491166 ], [ -46.3751981, -12.2595727 ], [ -46.3706187, -12.2709361 ], [ -46.3853143, -12.2805367 ], [ -46.3846766, -12.293757 ], [ -46.3491463, -12.2991233 ], [ -46.3525436, -12.3198149 ], [ -46.3703168, -12.3475381 ], [ -46.3586913, -12.3518029 ], [ -46.345224, -12.3661529 ], [ -46.3278702, -12.3567444 ], [ -46.313928, -12.357174 ], [ -46.3003417, -12.3635771 ], [ -46.2966845, -12.3810373 ], [ -46.3083295, -12.4012767 ], [ -46.3226378, -12.4062012 ], [ -46.3306438, -12.4254038 ], [ -46.3306116, -12.4412506 ], [ -46.340549, -12.4519895 ], [ -46.3240729, -12.4650856 ], [ -46.3166217, -12.4637814 ], [ -46.3127071, -12.4483429 ], [ -46.3030493, -12.4401436 ], [ -46.3095172, -12.4312668 ], [ -46.2901644, -12.4174279 ], [ -46.2704686, -12.4316194 ], [ -46.2798641, -12.4541488 ], [ -46.2685519, -12.4571796 ], [ -46.2609987, -12.4738502 ], [ -46.2659593, -12.4987271 ], [ -46.2600408, -12.5122202 ], [ -46.245369, -12.5043089 ], [ -46.2124638, -12.4997228 ], [ -46.2103795, -12.5168524 ], [ -46.2247776, -12.5284205 ], [ -46.2487406, -12.5361588 ], [ -46.2699362, -12.5509302 ], [ -46.2716121, -12.5700454 ], [ -46.2857792, -12.5759548 ], [ -46.2863757, -12.5881766 ], [ -46.2757846, -12.5944306 ], [ -46.3070558, -12.6366992 ], [ -46.2899554, -12.6381536 ], [ -46.2678123, -12.6505672 ], [ -46.2680605, -12.6662671 ], [ -46.3024969, -12.6846535 ], [ -46.3038783, -12.6964429 ], [ -46.2923946, -12.7075693 ], [ -46.2771124, -12.7093015 ], [ -46.2680805, -12.7161568 ], [ -46.2749874, -12.7399901 ], [ -46.2838579, -12.7386187 ], [ -46.293123, -12.7500146 ], [ -46.2947582, -12.773102 ], [ -46.3105055, -12.7955419 ], [ -46.3003512, -12.79861 ], [ -46.2735822, -12.815966 ], [ -46.2754204, -12.8400081 ], [ -46.288481, -12.8540835 ], [ -46.3004707, -12.8572036 ], [ -46.2907157, -12.9005353 ], [ -46.3119987, -12.9097166 ], [ -46.3057461, -12.9266747 ], [ -46.3078931, -12.9417137 ], [ -46.3201066, -12.9562348 ], [ -46.2883405, -12.9522242 ], [ -46.2647018, -12.9397456 ], [ -46.2454638, -12.9418657 ], [ -46.2406097, -12.9480975 ], [ -46.2214816, -12.9502191 ], [ -46.1996572, -12.9473047 ], [ -46.1833193, -12.9336132 ], [ -46.1673797, -12.928203 ], [ -46.1441501, -12.9311485 ], [ -46.1266475, -12.9123867 ], [ -46.104644, -12.9249255 ], [ -46.1088147, -12.9384697 ], [ -46.1246636, -12.9598204 ], [ -46.1508437, -12.9697869 ], [ -46.1938118, -12.9967524 ], [ -46.2147846, -13.0039602 ], [ -46.2574292, -13.013702 ], [ -46.2755338, -13.0202133 ], [ -46.2815629, -13.0451358 ], [ -46.3014121, -13.0672766 ], [ -46.3010985, -13.0743117 ], [ -46.3289751, -13.0997725 ], [ -46.3165874, -13.1082256 ], [ -46.3157947, -13.1187347 ], [ -46.2996101, -13.1281286 ], [ -46.2951808, -13.1418745 ], [ -46.3032506, -13.1502776 ], [ -46.306655, -13.1834027 ], [ -46.3043483, -13.2059795 ], [ -46.3276793, -13.2529237 ], [ -46.3055418, -13.2516639 ], [ -46.2999859, -13.2828818 ], [ -46.317902, -13.3052278 ], [ -46.2924869, -13.3169301 ], [ -46.2202554, -13.2956893 ], [ -46.1748511, -13.2769535 ], [ -46.1032194, -13.2575102 ], [ -46.0851354, -13.269296 ], [ -46.0682755, -13.2954418 ], [ -46.0733396, -13.3113689 ], [ -46.0879869, -13.3291808 ], [ -46.0993391, -13.3344932 ], [ -46.1354731, -13.3755242 ], [ -46.1589555, -13.3813847 ], [ -46.1800856, -13.3970178 ], [ -46.1917297, -13.4099817 ], [ -46.2123325, -13.4190146 ], [ -46.2319648, -13.4185849 ], [ -46.2432031, -13.4237462 ], [ -46.2373491, -13.4348044 ], [ -46.2233404, -13.4407492 ], [ -46.220898, -13.4508865 ], [ -46.2089639, -13.4655628 ] ] ] } },
{ "type": "Feature", "properties": { "name_micro": "BOM JESUS DA LAPA", "total_migrantes": 0, "populacao": 186050.0, "taxa_100k": 0.0, "ano": 2025.0 }, "geometry": { "type": "Polygon", "coordinates": [ [ [ -42.9723355, -12.332486 ], [ -43.0154364, -12.3328195 ], [ -43.0364961, -12.3306798 ], [ -43.0631178, -12.3474873 ], [ -43.0769826, -12.3356868 ], [ -43.0759961, -12.3197929 ], [ -43.0865411, -12.3119119 ], [ -43.1135887, -12.3152442 ], [ -43.1194877, -12.3281741 ], [ -43.2039016, -12.3530451 ], [ -43.2527806, -12.3811444 ], [ -43.2531357, -12.3994706 ], [ -43.257999, -12.4308803 ], [ -43.2482022, -12.44317 ], [ -43.2374405, -12.477137 ], [ -43.2239068, -12.5095408 ], [ -43.2068834, -12.5433313 ], [ -43.2062107, -12.5902873 ], [ -43.191194, -12.6078038 ], [ -43.1875844, -12.6200487 ], [ -43.191298, -12.6480014 ], [ -43.2012917, -12.673928 ], [ -43.2156, -12.688386 ], [ -43.2293682, -12.6857279 ], [ -43.2335828, -12.6392958 ], [ -43.2389777, -12.6303794 ], [ -43.4435977, -12.5514355 ], [ -43.536422, -12.6368587 ], [ -43.551483, -12.8625826 ], [ -43.5496395, -12.8865977 ], [ -43.5682614, -12.9046297 ], [ -43.5712634, -12.9147712 ], [ -43.5937842, -12.9258087 ], [ -43.604253, -12.9220191 ], [ -43.6354845, -12.9277368 ], [ -43.6492009, -12.9249495 ], [ -43.659729, -12.9370096 ], [ -43.686357, -12.9331871 ], [ -43.6815549, -13.115881 ], [ -43.6725507, -13.1268365 ], [ -43.6591691, -13.1272191 ], [ -43.6467253, -13.1371011 ], [ -43.642214, -13.1575085 ], [ -43.6348102, -13.171789 ], [ -43.6465167, -13.184883 ], [ -43.6780221, -13.1687656 ], [ -43.6929741, -13.1693096 ], [ -43.7040957, -13.1872003 ], [ -43.716242099999988, -13.1822936 ], [ -43.7321524, -13.192039 ], [ -43.7366552, -13.2074879 ], [ -43.7555712, -13.2060032 ], [ -43.7720874, -13.2190979 ], [ -43.7972219, -13.2230617 ], [ -43.804375, -13.2198903 ], [ -43.8330465, -13.2432487 ], [ -43.8623165, -13.275709 ], [ -43.8561937, -13.3010088 ], [ -43.8637423, -13.3037215 ], [ -43.869437, -13.3240311 ], [ -43.8774762, -13.3314794 ], [ -43.8930078, -13.3645228 ], [ -43.8916879, -13.3817789 ], [ -43.9076894, -13.4306101 ], [ -43.9056045, -13.4491956 ], [ -43.895627399999988, -13.4728111 ], [ -43.8665615, -13.4830262 ], [ -43.8552999, -13.4799817 ], [ -43.8335916, -13.490266 ], [ -43.8214866, -13.4891408 ], [ -43.8059524, -13.5032539 ], [ -43.8147158, -13.5250187 ], [ -43.8352115, -13.5214721 ], [ -43.8454612, -13.541881 ], [ -43.8609922, -13.5535584 ], [ -43.8586691, -13.5641693 ], [ -43.8805013, -13.5879059 ], [ -43.8787844, -13.6047981 ], [ -43.8930132, -13.6143577 ], [ -43.8977216, -13.6232449 ], [ -43.9167687, -13.6343842 ], [ -43.9331362, -13.6562766 ], [ -43.8142897, -13.7083541 ], [ -43.8223253, -13.734312 ], [ -43.8366518, -13.7460065 ], [ -43.865254, -13.750843 ], [ -43.9018148, -13.7615161 ], [ -43.8996947, -13.7685009 ], [ -43.9102574, -13.7945136 ], [ -43.9201172, -13.8040659 ], [ -43.9343775, -13.7942539 ], [ -43.9492268, -13.7942098 ], [ -43.9575686, -13.8117207 ], [ -43.9491759, -13.8202314 ], [ -43.9675628, -13.8353 ], [ -44.0024485, -13.8166707 ], [ -44.0258147, -13.8132485 ], [ -44.0171437, -13.8276745 ], [ -44.0044431, -13.8296902 ], [ -44.0138182, -13.8444103 ], [ -44.013121, -13.8536092 ], [ -44.0269229, -13.8583055 ], [ -44.0323931, -13.8891 ], [ -44.0403129, -13.8781276 ], [ -44.0526275, -13.8769535 ], [ -44.046242, -13.8993691 ], [ -44.0369222, -13.9040342 ], [ -44.0555833, -13.9275247 ], [ -44.0656435, -13.9445926 ], [ -44.0802965, -13.9297935 ], [ -44.0866638, -13.9100037 ], [ -44.0936695, -13.9144998 ], [ -44.1113237, -13.9526345 ], [ -44.1020026, -13.9624635 ], [ -44.1150597, -13.9782332 ], [ -44.1336951, -13.9631314 ], [ -44.1617427, -13.9472981 ], [ -44.1778725, -13.9478507 ], [ -44.1951295, -13.9263908 ], [ -44.2195979, -13.9418736 ], [ -44.2303115, -13.9434816 ], [ -44.2295936, -13.9582472 ], [ -44.252834, -13.9716337 ], [ -44.2495336, -13.9879069 ], [ -44.2688057, -14.0055248 ], [ -44.2703306, -14.0227188 ], [ -44.2771251, -14.0314786 ], [ -44.3017517, -14.0364243 ], [ -44.3160667, -14.0441257 ], [ -44.3316833, -14.0407456 ], [ -44.3525846, -14.0479688 ], [ -44.3781132, -14.051437 ], [ -44.3908006, -14.0756425 ], [ -44.4167331, -14.07696 ], [ -44.4264064, -14.0816422 ], [ -44.4186787, -14.1011554 ], [ -44.4195629, -14.1195537 ], [ -44.4301781, -14.1244242 ], [ -44.4275542, -14.1345093 ], [ -44.4446044, -14.1413324 ], [ -44.4497566, -14.1609916 ], [ -44.437667, -14.1656314 ], [ -44.4445344, -14.1764648 ], [ -44.440075, -14.1884764 ], [ -44.4616837, -14.1944504 ], [ -44.4684832, -14.217388 ], [ -44.4517859, -14.2235967 ], [ -44.4482102, -14.2387898 ], [ -44.4399395, -14.243979 ], [ -44.4271622, -14.270282 ], [ -44.4269928, -14.2782214 ], [ -44.411782, -14.2815843 ], [ -44.3910162, -14.275792 ], [ -44.3822304, -14.2790833 ], [ -44.3615887, -14.2728126 ], [ -44.3405958, -14.2494003 ], [ -44.3198143, -14.244191 ], [ -44.302338, -14.2532425 ], [ -44.276589199999989, -14.2524365 ], [ -44.2720059, -14.2466422 ], [ -44.2544262, -14.2520572 ], [ -44.2502473, -14.2587226 ], [ -44.2350683, -14.2469463 ], [ -44.2091227, -14.2466719 ], [ -44.2012887, -14.2544761 ], [ -44.1829255, -14.2582307 ], [ -44.1703803, -14.268695 ], [ -44.1603345, -14.2577596 ], [ -44.1372648, -14.2641514 ], [ -44.1323181, -14.2820649 ], [ -44.1072857, -14.2591204 ], [ -44.096895, -14.2739988 ], [ -44.0824545, -14.2689988 ], [ -44.0513293, -14.2861189 ], [ -44.0325385, -14.2881102 ], [ -44.0257573, -14.2765978 ], [ -43.996591, -14.2657021 ], [ -43.9826, -14.2757686 ], [ -43.9681805, -14.2755127 ], [ -43.9619229, -14.2910068 ], [ -43.9462895, -14.2899548 ], [ -43.9333993, -14.2961495 ], [ -43.8973124, -14.2989618 ], [ -43.8809251, -14.3118032 ], [ -43.8602601, -14.3125485 ], [ -43.8431412, -14.3173129 ], [ -43.8283866, -14.3156922 ], [ -43.806846199999988, -14.3325186 ], [ -43.7831867, -14.3392337 ], [ -43.7762439, -14.3319698 ], [ -43.7268204, -14.2527481 ], [ -43.7139182, -14.2420932 ], [ -43.697262, -14.2097325 ], [ -43.6850251, -14.1697618 ], [ -43.6715662, -14.109126 ], [ -43.670585, -14.0908853 ], [ -43.6572377, -14.0474539 ], [ -43.6586845, -14.0237389 ], [ -43.6530823, -14.0029711 ], [ -43.64182, -13.9913963 ], [ -43.6269951, -13.9601339 ], [ -43.6243865, -13.91992 ], [ -43.613782, -13.8953741 ], [ -43.6120816, -13.8625913 ], [ -43.6171824, -13.8486035 ], [ -43.6142902, -13.8374554 ], [ -43.5870509, -13.8122143 ], [ -43.5939909, -13.7806298 ], [ -43.5926129, -13.7632756 ], [ -43.5704997, -13.7483828 ], [ -43.5586232, -13.7367742 ], [ -43.5483541, -13.7122176 ], [ -43.5515688, -13.6912329 ], [ -43.5605562, -13.6587713 ], [ -43.5567568, -13.644507 ], [ -43.5273984, -13.598333 ], [ -43.5277791, -13.5916705 ], [ -43.5094922, -13.5755754 ], [ -43.4713376, -13.5689038 ], [ -43.4605233, -13.5621789 ], [ -43.4502896, -13.5424404 ], [ -43.4413392, -13.5454519 ], [ -43.4433337, -13.5606686 ], [ -43.4518254, -13.5676075 ], [ -43.4584657, -13.5965828 ], [ -43.4678496, -13.6077194 ], [ -43.4762949, -13.6434282 ], [ -43.4841082, -13.6583097 ], [ -43.4878698, -13.6915771 ], [ -43.4964668, -13.7101766 ], [ -43.4993336, -13.7333522 ], [ -43.5045146, -13.7425578 ], [ -43.5383954, -13.7735063 ], [ -43.545124, -13.7934676 ], [ -43.5292976, -13.7982059 ], [ -43.5156526, -13.7941754 ], [ -43.490189, -13.8279379 ], [ -43.4801174, -13.8323184 ], [ -43.4821032, -13.8507691 ], [ -43.4669486, -13.8662611 ], [ -43.4523782, -13.8751597 ], [ -43.4394639, -13.8761722 ], [ -43.3266093, -13.7247934 ], [ -43.2413235, -13.6103942 ], [ -43.1876611, -13.5190127 ], [ -43.163065, -13.4415306 ], [ -43.1294308, -13.4275963 ], [ -43.1165179, -13.3239092 ], [ -42.9600615, -13.3340575 ], [ -42.9564393, -13.3054559 ], [ -42.9475468, -13.2905224 ], [ -42.9262424, -13.2985934 ], [ -42.912555, -13.2950886 ], [ -42.918247, -13.271037 ], [ -42.9145395, -13.2615634 ], [ -42.9232267, -13.2464971 ], [ -42.9228256, -13.2347156 ], [ -42.9151407, -13.2052091 ], [ -42.9227553, -13.1828202 ], [ -42.9107981, -13.1813007 ], [ -42.9033971, -13.1602755 ], [ -42.9102848, -13.1385183 ], [ -42.9260191, -13.1293185 ], [ -42.9317911, -13.0998788 ], [ -42.9370487, -13.095157 ], [ -42.9353562, -13.0772411 ], [ -42.9544752, -13.0601927 ], [ -42.9604365, -13.0443431 ], [ -42.9743782, -13.0275577 ], [ -42.9780191, -13.0125016 ], [ -42.9806865, -12.9710083 ], [ -42.973262, -12.9520162 ], [ -42.9372116, -12.9371766 ], [ -42.8912978, -12.8892841 ], [ -42.8868962, -12.8475725 ], [ -42.8872037, -12.7969831 ], [ -42.878582, -12.7246062 ], [ -42.8886259, -12.5416454 ], [ -42.9119349, -12.5334986 ], [ -42.9391058, -12.5042849 ], [ -42.9376837, -12.4990146 ], [ -42.9530709, -12.4708336 ], [ -42.9497388, -12.4627541 ], [ -42.9278209, -12.4482209 ], [ -42.9278758, -12.436427 ], [ -42.9433625, -12.4260843 ], [ -42.9584866, -12.4030261 ], [ -42.9535904, -12.3905859 ], [ -42.9705246, -12.3759715 ], [ -42.9623539, -12.358578 ], [ -42.9701709, -12.3484687 ], [ -42.9723355, -12.332486 ] ] ] } },
{ "type": "Feature", "properties": { "name_micro": "BOQUIRA", "total_migrantes": 15, "populacao": 186586.0, "taxa_100k": 0.80391883635428174, "ano": 2025.0 }, "geometry": { "type": "Polygon", "coordinates": [ [ [ -42.3584141, -13.6262912 ], [ -42.3642242, -13.6116657 ], [ -42.3657526, -13.5927307 ], [ -42.3751134, -13.5880654 ], [ -42.3952501, -13.5893487 ], [ -42.4053403, -13.5798739 ], [ -42.414668, -13.5375626 ], [ -42.4350369, -13.5243033 ], [ -42.440232, -13.5127619 ], [ -42.439403, -13.4902583 ], [ -42.4458045, -13.4712521 ], [ -42.4530836, -13.4692218 ], [ -42.4508071, -13.4420367 ], [ -42.4630284, -13.4395434 ], [ -42.4058872, -13.4022053 ], [ -42.2658497, -13.369648 ], [ -42.2635797, -13.3440721 ], [ -42.2705344, -13.3374255 ], [ -42.2504848, -13.3105085 ], [ -42.2474133, -13.2966664 ], [ -42.2284296, -13.2991772 ], [ -42.2153202, -13.2922177 ], [ -42.1925426, -13.2694795 ], [ -42.1939671, -13.2475099 ], [ -42.1791206, -13.2265088 ], [ -42.1581504, -13.2266591 ], [ -42.1708706, -13.1845357 ], [ -42.2041645, -13.1300408 ], [ -42.2282207, -13.1149124 ], [ -42.2387534, -13.1172668 ], [ -42.2477281, -13.107999 ], [ -42.2634027, -13.1216664 ], [ -42.2773865, -13.1161119 ], [ -42.2819159, -13.1261309 ], [ -42.2965205, -13.1359552 ], [ -42.3092222, -13.1241795 ], [ -42.3224822, -13.1198118 ], [ -42.337333, -13.1015377 ], [ -42.3403831, -13.0749654 ], [ -42.358050399999989, -13.0723336 ], [ -42.3763478, -13.0556625 ], [ -42.3708906, -13.0410878 ], [ -42.3549276, -13.0339689 ], [ -42.3171492, -13.0363095 ], [ -42.3092193, -13.0283706 ], [ -42.2868548, -13.0308957 ], [ -42.2831382, -13.0195775 ], [ -42.2649648, -13.0037947 ], [ -42.2673467, -12.9919661 ], [ -42.247547, -12.9771647 ], [ -42.2304466, -12.982823 ], [ -42.212015699999988, -12.9835075 ], [ -42.202237, -12.9646616 ], [ -42.1889429, -12.9645925 ], [ -42.1779425, -12.957706 ], [ -42.1679771, -12.9597923 ], [ -42.1692824, -12.9822167 ], [ -42.1618592, -13.0010274 ], [ -42.1473746, -13.0152599 ], [ -42.1252928, -13.018338 ], [ -42.1239446, -13.0004715 ], [ -42.1052801, -13.004607 ], [ -42.0950907, -13.0022264 ], [ -42.0916632, -12.9800159 ], [ -42.0753092, -12.9787357 ], [ -42.0667113, -12.952378 ], [ -42.0501296, -12.9431568 ], [ -42.0550994, -12.9154161 ], [ -42.0357163, -12.9134507 ], [ -42.0277452, -12.92025 ], [ -42.0135393, -12.9202064 ], [ -42.0136007, -12.9096577 ], [ -42.0245639, -12.8893755 ], [ -42.0184548, -12.8561123 ], [ -42.0184177, -12.8280842 ], [ -42.0270556, -12.7928416 ], [ -42.0312667, -12.764336 ], [ -42.0202734, -12.7387886 ], [ -42.0177759, -12.7213978 ], [ -42.0257229, -12.6885969 ], [ -42.0271723, -12.660569 ], [ -42.0310894, -12.645522 ], [ -42.0299388, -12.6188556 ], [ -41.983757, -12.6008949 ], [ -41.9985666, -12.5758059 ], [ -42.0067583, -12.5686147 ], [ -42.0053323, -12.5541901 ], [ -42.0147798, -12.5048563 ], [ -42.0698843, -12.4311088 ], [ -42.071657, -12.414616 ], [ -42.1037558, -12.395896 ], [ -42.1403683, -12.4007978 ], [ -42.1492786, -12.3938251 ], [ -42.160575, -12.3948366 ], [ -42.1697997, -12.3871135 ], [ -42.1951523, -12.3778021 ], [ -42.2079552, -12.3773378 ], [ -42.217391899999988, -12.3865423 ], [ -42.2492523, -12.3895695 ], [ -42.2601122, -12.3417359 ], [ -42.2709944, -12.3379696 ], [ -42.2669783, -12.3234151 ], [ -42.270249, -12.311076 ], [ -42.1241208, -12.2776792 ], [ -42.139308, -12.267633 ], [ -42.1509081, -12.2475437 ], [ -42.1631738, -12.2380053 ], [ -42.0772193, -12.2466938 ], [ -42.2183358, -12.0705587 ], [ -42.2460325, -12.047036 ], [ -42.2356918, -12.0224351 ], [ -42.242021, -12.0057075 ], [ -42.2318152, -11.9729336 ], [ -42.2359454, -11.9596297 ], [ -42.2466076, -11.9467799 ], [ -42.2547474, -11.9230842 ], [ -42.2740714, -11.8862985 ], [ -42.2818806, -11.8788682 ], [ -42.284717099999988, -11.8605915 ], [ -42.290976699999987, -11.8542174 ], [ -42.2865486, -11.8363822 ], [ -42.2943301, -11.8274558 ], [ -42.2918579, -11.8124147 ], [ -42.3020073, -11.7833938 ], [ -42.3105359, -11.7701172 ], [ -42.3364626, -11.7488966 ], [ -42.3385491, -11.7301992 ], [ -42.3519863, -11.7196775 ], [ -42.3618236, -11.7205961 ], [ -42.3635963, -11.7563285 ], [ -42.3765337, -11.7598314 ], [ -42.3916602, -11.7525471 ], [ -42.4186168, -11.765033 ], [ -42.4455608, -11.7554599 ], [ -42.4562958, -11.740268 ], [ -42.4721506, -11.7252347 ], [ -42.4876149, -11.7753728 ], [ -42.5049513, -11.7598818 ], [ -42.5387539, -11.7401412 ], [ -42.5652111, -11.7358934 ], [ -42.5821144, -11.7141334 ], [ -42.5989296, -11.7088333 ], [ -42.6056377, -11.7148941 ], [ -42.6432596, -11.7179372 ], [ -42.6618694, -11.7089955 ], [ -42.6805867, -11.7199168 ], [ -42.711267199999988, -11.7224249 ], [ -42.7476343, -11.730765 ], [ -42.7839923, -11.7451047 ], [ -42.8015788, -11.7605473 ], [ -42.8270335, -11.7753236 ], [ -42.8422733, -11.7776212 ], [ -42.8483577, -11.7878481 ], [ -42.8611932, -11.7939595 ], [ -42.8135364, -11.9410499 ], [ -42.8665023, -11.9592836 ], [ -42.8728996, -11.964039 ], [ -42.9017925, -11.962327 ], [ -42.915199, -11.9720089 ], [ -42.9454785, -11.9768517 ], [ -43.1365527, -12.019485 ], [ -43.1433646, -12.0449013 ], [ -43.1303317, -12.0487341 ], [ -43.1149776, -12.0458769 ], [ -43.0828042, -12.0699359 ], [ -43.0740484, -12.0955975 ], [ -43.0585724, -12.0945125 ], [ -43.0636004, -12.1399492 ], [ -43.0572018, -12.1473365 ], [ -43.0325315, -12.1507059 ], [ -43.0280772, -12.164126 ], [ -43.0117541, -12.1671206 ], [ -43.0101123, -12.1784706 ], [ -42.9906344, -12.193852 ], [ -42.9776209, -12.1949724 ], [ -42.9804602, -12.2166683 ], [ -42.9758452, -12.2413179 ], [ -42.980388, -12.2612199 ], [ -42.9637149, -12.2687224 ], [ -42.9628445, -12.299582 ], [ -42.9732718, -12.3204418 ], [ -42.9723355, -12.332486 ], [ -42.9701709, -12.3484687 ], [ -42.9623539, -12.358578 ], [ -42.9705246, -12.3759715 ], [ -42.9535904, -12.3905859 ], [ -42.9584866, -12.4030261 ], [ -42.9433625, -12.4260843 ], [ -42.9278758, -12.436427 ], [ -42.9278209, -12.4482209 ], [ -42.9497388, -12.4627541 ], [ -42.9530709, -12.4708336 ], [ -42.9376837, -12.4990146 ], [ -42.9391058, -12.5042849 ], [ -42.9119349, -12.5334986 ], [ -42.8886259, -12.5416454 ], [ -42.878582, -12.7246062 ], [ -42.8872037, -12.7969831 ], [ -42.8868962, -12.8475725 ], [ -42.8912978, -12.8892841 ], [ -42.9372116, -12.9371766 ], [ -42.973262, -12.9520162 ], [ -42.9806865, -12.9710083 ], [ -42.9780191, -13.0125016 ], [ -42.9743782, -13.0275577 ], [ -42.9604365, -13.0443431 ], [ -42.9544752, -13.0601927 ], [ -42.9353562, -13.0772411 ], [ -42.9370487, -13.095157 ], [ -42.9317911, -13.0998788 ], [ -42.9260191, -13.1293185 ], [ -42.9102848, -13.1385183 ], [ -42.9033971, -13.1602755 ], [ -42.9107981, -13.1813007 ], [ -42.9227553, -13.1828202 ], [ -42.9151407, -13.2052091 ], [ -42.9228256, -13.2347156 ], [ -42.9232267, -13.2464971 ], [ -42.9145395, -13.2615634 ], [ -42.918247, -13.271037 ], [ -42.912555, -13.2950886 ], [ -42.7994892, -13.3528031 ], [ -42.7917723, -13.3628306 ], [ -42.781709899999989, -13.3640474 ], [ -42.7793721, -13.3856148 ], [ -42.7683326, -13.4048001 ], [ -42.739877, -13.4077727 ], [ -42.7474523, -13.4186829 ], [ -42.7175556, -13.4302006 ], [ -42.6865528, -13.4621538 ], [ -42.6842283, -13.4751846 ], [ -42.695046, -13.4812992 ], [ -42.7106347, -13.5030368 ], [ -42.7091784, -13.5298221 ], [ -42.7166766, -13.5318225 ], [ -42.7196945, -13.5627376 ], [ -42.6998257, -13.5658514 ], [ -42.6910791, -13.5896308 ], [ -42.6919357, -13.5968263 ], [ -42.6810283, -13.6193265 ], [ -42.6714602, -13.6270222 ], [ -42.6564446, -13.6280775 ], [ -42.6358504, -13.623152 ], [ -42.6337588, -13.6115307 ], [ -42.6063736, -13.6029377 ], [ -42.5956077, -13.6113304 ], [ -42.5773843, -13.597016 ], [ -42.5697582, -13.6295102 ], [ -42.5584944, -13.6533144 ], [ -42.546491, -13.6483502 ], [ -42.5362577, -13.6537084 ], [ -42.535248, -13.6640937 ], [ -42.5179, -13.6768046 ], [ -42.4986826, -13.67791 ], [ -42.4866955, -13.6739678 ], [ -42.4698931, -13.675168 ], [ -42.4550278, -13.6650444 ], [ -42.4323638, -13.6711763 ], [ -42.4140662, -13.6682414 ], [ -42.4023323, -13.6746595 ], [ -42.387102, -13.6964209 ], [ -42.366471, -13.6988707 ], [ -42.3517635, -13.6911319 ], [ -42.357712199999987, -13.6718583 ], [ -42.3522394, -13.6646009 ], [ -42.3584141, -13.6262912 ] ] ] } },
{ "type": "Feature", "properties": { "name_micro": "BRUMADO", "total_migrantes": 0, "populacao": 241299.0, "taxa_100k": 0.0, "ano": 2025.0 }, "geometry": { "type": "Polygon", "coordinates": [ [ [ -41.4561044, -15.4103354 ], [ -41.4566698, -15.3793748 ], [ -41.4473323, -15.370873 ], [ -41.4343366, -15.3442451 ], [ -41.4155539, -15.3280761 ], [ -41.4238105, -15.3071915 ], [ -41.4060492, -15.2822575 ], [ -41.3890933, -15.2842375 ], [ -41.3851207, -15.2777272 ], [ -41.3949738, -15.2534428 ], [ -41.413193799999988, -15.1646863 ], [ -41.3788714, -15.1639417 ], [ -41.366992, -15.140333 ], [ -41.3399518, -15.1200163 ], [ -41.3331366, -15.1269837 ], [ -41.3148454, -15.103819 ], [ -41.3172104, -15.097657 ], [ -41.294588, -15.078913 ], [ -41.288585, -15.0683466 ], [ -41.2895347, -15.0525058 ], [ -41.2998794, -15.0380653 ], [ -41.3021682, -15.0239593 ], [ -41.2185642, -14.997728 ], [ -41.225371, -14.9646836 ], [ -41.2377479, -14.9560956 ], [ -41.2393165, -14.9316136 ], [ -41.2635026, -14.9125877 ], [ -41.2620871, -14.8941393 ], [ -41.2681628, -14.8788188 ], [ -41.2677936, -14.844272 ], [ -41.2583137, -14.8312173 ], [ -41.2691339, -14.7886283 ], [ -41.2639584, -14.7807173 ], [ -41.2801223, -14.7635305 ], [ -41.2796985, -14.7539601 ], [ -41.2599634, -14.7465435 ], [ -41.2599412, -14.7288119 ], [ -41.2395432, -14.7377583 ], [ -41.2207116, -14.7385479 ], [ -41.2200224, -14.713758 ], [ -41.2271474, -14.7052449 ], [ -41.2195723, -14.6937716 ], [ -41.2250948, -14.6828557 ], [ -41.2182041, -14.6686494 ], [ -41.2025772, -14.661233 ], [ -41.1920786, -14.6498241 ], [ -41.192943, -14.6327654 ], [ -41.182434, -14.6140635 ], [ -41.1656195, -14.6073168 ], [ -41.1616254, -14.6134914 ], [ -41.1308495, -14.6051296 ], [ -41.1435079, -14.5872655 ], [ -41.1235777, -14.570819 ], [ -41.1262966, -14.5557361 ], [ -41.1174486, -14.5483438 ], [ -41.1170255, -14.5371054 ], [ -41.1048488, -14.53123 ], [ -41.1060861, -14.5161252 ], [ -41.0930812, -14.489122 ], [ -41.0782472, -14.4866105 ], [ -41.0787178, -14.4726225 ], [ -41.0691309, -14.4656668 ], [ -41.0758828, -14.4500655 ], [ -41.0925446, -14.4432066 ], [ -41.0834144, -14.4170245 ], [ -41.0695483, -14.4039872 ], [ -41.0745105, -14.3820193 ], [ -41.0890945, -14.3777541 ], [ -41.1089055, -14.36513 ], [ -41.1047735, -14.3536954 ], [ -41.0909373, -14.3434205 ], [ -41.1028416, -14.3303861 ], [ -41.1020004, -14.3212743 ], [ -41.0890071, -14.3092218 ], [ -41.0920808, -14.2872445 ], [ -41.0719888, -14.2758675 ], [ -41.0651236, -14.2609821 ], [ -41.0457311, -14.2473364 ], [ -41.0255691, -14.2470933 ], [ -41.0472713, -14.2288739 ], [ -41.0308485, -14.2187821 ], [ -41.0124443, -14.2200591 ], [ -41.0072127, -14.2106653 ], [ -41.0189659, -14.1885372 ], [ -41.0013376, -14.1688283 ], [ -41.013464299999988, -14.1593123 ], [ -41.0216037, -14.1646636 ], [ -41.0402312, -14.1594132 ], [ -41.0356087, -14.1511361 ], [ -41.0145831, -14.13141 ], [ -41.024778, -14.1202747 ], [ -41.0214842, -14.1104908 ], [ -41.0258464, -14.0948916 ], [ -41.0147754, -14.087044 ], [ -41.0203923, -14.0700106 ], [ -41.0006466, -14.0692564 ], [ -41.0076003, -14.0472233 ], [ -41.0301362, -14.0494045 ], [ -41.0679077, -14.0263711 ], [ -41.1213125, -14.0352024 ], [ -41.1363061, -13.9896096 ], [ -41.147716699999989, -13.9697543 ], [ -41.170743, -13.9673134 ], [ -41.1766529, -13.9523508 ], [ -41.2156669, -13.9101703 ], [ -41.2220008, -13.8140018 ], [ -41.2186118, -13.8083162 ], [ -41.2344099, -13.7902581 ], [ -41.2396683, -13.7686883 ], [ -41.2376352, -13.7522341 ], [ -41.241527, -13.7394155 ], [ -41.2320394, -13.7138101 ], [ -41.2221194, -13.7099742 ], [ -41.2222218, -13.6942287 ], [ -41.249181, -13.718142 ], [ -41.284914799999989, -13.682362 ], [ -41.2985025, -13.682702 ], [ -41.2984854, -13.7033859 ], [ -41.3278464, -13.7001669 ], [ -41.3721367, -13.6717492 ], [ -41.3888575, -13.6773567 ], [ -41.4031279, -13.6691674 ], [ -41.420107, -13.6698279 ], [ -41.4745234, -13.6603098 ], [ -41.5107041, -13.6651892 ], [ -41.5675689, -13.6609659 ], [ -41.6080636, -13.6601781 ], [ -41.6052586, -13.6721693 ], [ -41.5932237, -13.6893915 ], [ -41.5868014, -13.7099921 ], [ -41.5883273, -13.724857 ], [ -41.5776035, -13.7267299 ], [ -41.5717829, -13.7574902 ], [ -41.5574172, -13.7631344 ], [ -41.5451492, -13.7618097 ], [ -41.5384821, -13.7711052 ], [ -41.537146, -13.7911733 ], [ -41.5419949, -13.8025705 ], [ -41.5237148, -13.8169366 ], [ -41.5172753, -13.8350345 ], [ -41.5208061, -13.8491866 ], [ -41.516796, -13.8690845 ], [ -41.4938849, -13.9164932 ], [ -41.5591635, -13.9443053 ], [ -41.6604395, -14.0010437 ], [ -41.682245, -13.99673 ], [ -41.7030832, -13.9814367 ], [ -41.7176284, -13.9774452 ], [ -41.7538013, -13.9904791 ], [ -41.7719868, -13.9835902 ], [ -41.7846801, -13.9928008 ], [ -41.8062442, -13.9865944 ], [ -41.8298361, -13.9743354 ], [ -41.8454696, -13.9850987 ], [ -41.8402985, -14.0037791 ], [ -41.8616946, -14.0050402 ], [ -41.8809811, -14.0308513 ], [ -41.8980053, -14.0373197 ], [ -41.8999652, -14.0536697 ], [ -41.9473959, -14.0531668 ], [ -41.9668551, -14.0599223 ], [ -41.9758257, -14.0568849 ], [ -41.9813899, -14.071052 ], [ -41.9970298, -14.0738059 ], [ -42.0138967, -14.0709325 ], [ -42.0202294, -14.0599468 ], [ -42.0406761, -14.0639608 ], [ -42.0651889, -14.0545911 ], [ -42.0869901, -14.0568576 ], [ -42.0159925, -14.1188625 ], [ -41.9942865, -14.1672775 ], [ -42.107263, -14.1623152 ], [ -42.1215003, -14.166881 ], [ -42.1446532, -14.1598195 ], [ -42.1852907, -14.1726522 ], [ -42.2209095, -14.1718411 ], [ -42.2248348, -14.182105 ], [ -42.214993, -14.2026139 ], [ -42.1974311, -14.2187879 ], [ -42.1885559, -14.232261 ], [ -42.1725327, -14.2457745 ], [ -42.1864287, -14.2608144 ], [ -42.1936517, -14.2837297 ], [ -42.2056203, -14.3361087 ], [ -42.1941571, -14.3753644 ], [ -42.2309335, -14.3776312 ], [ -42.1733694, -14.4081071 ], [ -42.1504524, -14.4889732 ], [ -42.1583552, -14.500993 ], [ -42.1782617, -14.5144876 ], [ -42.1547648, -14.5263208 ], [ -42.1569064, -14.5970416 ], [ -42.1180558, -14.6452637 ], [ -42.0875099, -14.6754486 ], [ -42.0589115, -14.6796811 ], [ -42.0502918, -14.6927579 ], [ -42.0507677, -14.7029301 ], [ -42.0682567, -14.7165525 ], [ -42.0512773, -14.7471809 ], [ -42.0565183, -14.7803688 ], [ -42.0466466, -14.8065478 ], [ -42.0532424, -14.8390118 ], [ -42.0607402, -14.8502756 ], [ -42.0889652, -14.8255492 ], [ -42.1211521, -14.8201535 ], [ -42.1289042, -14.8124598 ], [ -42.1520781, -14.8146658 ], [ -42.1764235, -14.8220577 ], [ -42.1750041, -14.8338411 ], [ -42.1859908, -14.8508589 ], [ -42.1979247, -14.8575496 ], [ -42.200251, -14.8730204 ], [ -42.2300424, -14.9124686 ], [ -42.2304633, -14.9267825 ], [ -42.2390254, -14.942214 ], [ -42.2360985, -14.9583141 ], [ -42.2241065, -14.9799867 ], [ -42.2103173, -14.9906277 ], [ -42.20901, -15.022522 ], [ -42.227013, -15.0446378 ], [ -42.2512209, -15.046437 ], [ -42.2786086, -15.0549513 ], [ -42.2834077, -15.0732641 ], [ -42.2925747, -15.0876231 ], [ -42.2776086, -15.1136527 ], [ -42.261986, -15.1244211 ], [ -42.2471836, -15.1092235 ], [ -42.2231295, -15.0995589 ], [ -42.2163937, -15.105632 ], [ -42.2028231, -15.100077 ], [ -42.1829591, -15.0996459 ], [ -42.1733198, -15.085954 ], [ -42.1626012, -15.0984887 ], [ -42.1553586, -15.0978508 ], [ -42.1514947, -15.1182742 ], [ -42.1410455, -15.1288432 ], [ -42.1249903, -15.1347445 ], [ -42.1093624, -15.1563271 ], [ -42.0960683, -15.1824421 ], [ -42.0847098, -15.1865289 ], [ -42.0732943, -15.175702 ], [ -41.9946916, -15.1588745 ], [ -41.9877935, -15.1683289 ], [ -41.9759605, -15.1669033 ], [ -41.9534344, -15.1756645 ], [ -41.9325365, -15.1745017 ], [ -41.928347, -15.1629883 ], [ -41.8970388, -15.1518993 ], [ -41.8787219, -15.1356963 ], [ -41.8725337, -15.116452 ], [ -41.8483105, -15.1168421 ], [ -41.8381671, -15.1116487 ], [ -41.8163414, -15.108389 ], [ -41.8007101, -15.1010971 ], [ -41.6514473, -15.2356674 ], [ -41.4994053, -15.3726109 ], [ -41.4561044, -15.4103354 ] ] ] } },
{ "type": "Feature", "properties": { "name_micro": "CATU", "total_migrantes": 0, "populacao": 213472.0, "taxa_100k": 0.0, "ano": 2025.0 }, "geometry": { "type": "Polygon", "coordinates": [ [ [ -38.527279, -12.2750905 ], [ -38.530636799999989, -12.2853414 ], [ -38.5285522, -12.3097633 ], [ -38.5329887, -12.3422508 ], [ -38.56328, -12.3313312 ], [ -38.5693057, -12.3186155 ], [ -38.5896355, -12.3127911 ], [ -38.6014071, -12.3241857 ], [ -38.6194858, -12.3188392 ], [ -38.6277945, -12.3350314 ], [ -38.6400963, -12.348456 ], [ -38.6422753, -12.3599996 ], [ -38.658084, -12.3628892 ], [ -38.6562927, -12.3731132 ], [ -38.775202, -12.3641758 ], [ -38.7951897, -12.3695005 ], [ -38.8138987, -12.3804065 ], [ -38.8061631, -12.4002544 ], [ -38.7925613, -12.4091156 ], [ -38.7892168, -12.4218855 ], [ -38.773098, -12.4304969 ], [ -38.7423008, -12.4732471 ], [ -38.7212987, -12.4811166 ], [ -38.6561291, -12.4842189 ], [ -38.6443261, -12.5130715 ], [ -38.6514986, -12.5538478 ], [ -38.6416005, -12.5702594 ], [ -38.6208359, -12.5542541 ], [ -38.5793368, -12.6318389 ], [ -38.5607333, -12.6302333 ], [ -38.5557487, -12.6205999 ], [ -38.5034693, -12.5947592 ], [ -38.490262, -12.5924929 ], [ -38.463781, -12.6081298 ], [ -38.4536026, -12.6017855 ], [ -38.4302434, -12.6100038 ], [ -38.4159258, -12.6013147 ], [ -38.4001749, -12.598969 ], [ -38.3942967, -12.6080892 ], [ -38.3725122, -12.5997806 ], [ -38.3670272, -12.5904411 ], [ -38.3865639, -12.5566944 ], [ -38.3955641, -12.5509008 ], [ -38.3813904, -12.5393108 ], [ -38.3548881, -12.5357729 ], [ -38.3423024, -12.5437229 ], [ -38.3499135, -12.5563804 ], [ -38.3463536, -12.5743617 ], [ -38.3358458, -12.5801033 ], [ -38.320435, -12.5771462 ], [ -38.3044937, -12.5963393 ], [ -38.2876521, -12.6012243 ], [ -38.2789944, -12.6111419 ], [ -38.2532488, -12.600179 ], [ -38.2514387, -12.5771117 ], [ -38.2217529, -12.5666648 ], [ -38.2142748, -12.555881 ], [ -38.2229519, -12.5453651 ], [ -38.223638, -12.5247323 ], [ -38.2391263, -12.5156084 ], [ -38.2478377, -12.4976996 ], [ -38.2421167, -12.4871519 ], [ -38.244451, -12.4717068 ], [ -38.224820699999988, -12.4767031 ], [ -38.2120291, -12.4590498 ], [ -38.1940315, -12.4530614 ], [ -38.172353, -12.4681444 ], [ -38.181855, -12.479704 ], [ -38.1769767, -12.4882603 ], [ -38.160656, -12.4907084 ], [ -38.1494927, -12.5022646 ], [ -38.1408924, -12.4976565 ], [ -38.1225844, -12.5084544 ], [ -38.0966379, -12.5015916 ], [ -38.1008847, -12.4835244 ], [ -38.078518099999989, -12.4693569 ], [ -38.0640854, -12.4845927 ], [ -38.0650725, -12.4966971 ], [ -38.0731755, -12.5022711 ], [ -38.0633125, -12.5283034 ], [ -38.0681896, -12.5367523 ], [ -38.0539089, -12.5629447 ], [ -38.0412362, -12.5717278 ], [ -38.0463576, -12.5807944 ], [ -38.0302228, -12.5971982 ], [ -38.0123835, -12.5820062 ], [ -38.001464, -12.5780112 ], [ -37.9828092, -12.54566 ], [ -37.9730126, -12.5210794 ], [ -37.9203743, -12.442958 ], [ -37.8932837, -12.4082421 ], [ -37.8948194, -12.3803718 ], [ -37.9052914, -12.385854 ], [ -37.927449, -12.3809214 ], [ -37.9314322, -12.3715071 ], [ -37.9437756, -12.3764207 ], [ -37.958219, -12.3682889 ], [ -37.9711806, -12.3698139 ], [ -37.9133942, -12.3094582 ], [ -37.9225316, -12.2643218 ], [ -38.0175376, -12.2181884 ], [ -38.0192601, -12.1828995 ], [ -38.0280613, -12.1693549 ], [ -38.0449466, -12.1566686 ], [ -38.0490618, -12.1427614 ], [ -38.0608312, -12.1349312 ], [ -38.0687607, -12.137668 ], [ -38.0818995, -12.1581095 ], [ -38.0767889, -12.1817072 ], [ -38.065953199999988, -12.1867145 ], [ -38.0797983, -12.2072353 ], [ -38.077122, -12.2393019 ], [ -38.0854834, -12.2426681 ], [ -38.1075576, -12.2385404 ], [ -38.1211339, -12.2514513 ], [ -38.2117477, -12.2688259 ], [ -38.2728678, -12.2783433 ], [ -38.2929275, -12.2645741 ], [ -38.3100814, -12.2488136 ], [ -38.3373512, -12.2410116 ], [ -38.3776993, -12.2186719 ], [ -38.3941631, -12.2493624 ], [ -38.4341124, -12.2688824 ], [ -38.4473168, -12.2617373 ], [ -38.468907, -12.2851537 ], [ -38.527279, -12.2750905 ] ] ] } },
{ "type": "Feature", "properties": { "name_micro": "COTEGIPE", "total_migrantes": 0, "populacao": 120813.0, "taxa_100k": 0.0, "ano": 2025.0 }, "geometry": { "type": "Polygon", "coordinates": [ [ [ -43.4435977, -12.5514355 ], [ -43.553545, -12.5065033 ], [ -43.6793604, -12.3894966 ], [ -43.7054059, -12.3843533 ], [ -43.7074067, -12.3707773 ], [ -43.6853203, -12.318992 ], [ -43.7106905, -12.3221616 ], [ -43.7197437, -12.3123015 ], [ -43.7366568, -12.2841677 ], [ -43.7673064, -12.2807172 ], [ -43.7751168, -12.2744657 ], [ -43.7817763, -12.2580365 ], [ -43.8048254, -12.2459914 ], [ -43.8207282, -12.2514208 ], [ -43.8349166, -12.2502266 ], [ -43.8522558, -12.2423062 ], [ -43.8668111, -12.2512969 ], [ -43.8841384, -12.2474802 ], [ -43.8912764, -12.2528716 ], [ -43.9130333, -12.2564001 ], [ -43.9289048, -12.2431642 ], [ -43.9152282, -12.228288 ], [ -43.9107577, -12.2048278 ], [ -43.8854442, -12.1847275 ], [ -43.8880429, -12.1723789 ], [ -43.8645805, -12.1605144 ], [ -43.8482154, -12.1652194 ], [ -43.8232932, -12.1493474 ], [ -43.8157609, -12.1352352 ], [ -43.823917, -12.1251656 ], [ -43.8141425, -12.116108 ], [ -43.7976677, -12.1116159 ], [ -43.7955264, -12.0917339 ], [ -43.7317464, -12.0481346 ], [ -43.7215127, -12.0257634 ], [ -43.7235517, -12.0160646 ], [ -43.7500065, -12.0147321 ], [ -43.760100199999989, -12.0036914 ], [ -43.7396, -11.971379 ], [ -43.740275, -11.9499744 ], [ -43.7252042, -11.9444911 ], [ -43.7176506, -11.9275486 ], [ -43.7048967, -11.9214572 ], [ -43.6925235, -11.9077515 ], [ -43.6936657, -11.8999469 ], [ -43.7123206, -11.8811015 ], [ -43.7115592, -11.8710126 ], [ -43.661820299999988, -11.8652193 ], [ -43.6608999, -11.852009 ], [ -43.6712768, -11.8259602 ], [ -43.6785391, -11.7938523 ], [ -43.6911133, -11.7651995 ], [ -43.7041189, -11.7420052 ], [ -43.706768, -11.7287706 ], [ -43.7234684, -11.7033775 ], [ -43.7382185, -11.6756734 ], [ -43.7480284, -11.6427261 ], [ -43.758182, -11.6220891 ], [ -43.7705202, -11.5869894 ], [ -43.7779099, -11.543992 ], [ -43.7903635, -11.5003158 ], [ -43.7970716, -11.4585574 ], [ -43.8057507, -11.4455897 ], [ -43.8222765, -11.3743867 ], [ -43.8358232, -11.3301849 ], [ -43.8458468, -11.3176213 ], [ -43.8616784, -11.2808104 ], [ -43.8708023, -11.2424148 ], [ -43.8791586, -11.2291778 ], [ -43.8957643, -11.172013 ], [ -43.9030777, -11.1588014 ], [ -43.910142099999987, -11.1353636 ], [ -43.9080633, -11.1243146 ], [ -43.9146384, -11.1049885 ], [ -43.9220236, -11.0974392 ], [ -43.9261265, -11.0818791 ], [ -43.9600768, -11.0505885 ], [ -43.9796089, -11.0252099 ], [ -43.9866216, -11.0100235 ], [ -44.000198, -10.9983428 ], [ -44.0132717, -10.9723938 ], [ -44.0252288, -10.9557213 ], [ -44.0172476, -10.9414902 ], [ -44.0076314, -10.9361591 ], [ -43.9944479, -10.9378504 ], [ -43.9809263, -10.9287828 ], [ -43.9574418, -10.9282389 ], [ -43.9406387, -10.9059 ], [ -43.9232845, -10.8973666 ], [ -43.9234948, -10.8788062 ], [ -43.9136722, -10.8712553 ], [ -43.9019855, -10.8520296 ], [ -43.9177087, -10.8375237 ], [ -43.9209548, -10.8128738 ], [ -43.9068547, -10.7986722 ], [ -43.9202447, -10.7784856 ], [ -43.9201433, -10.7653999 ], [ -43.9273514, -10.7576871 ], [ -43.9411414, -10.7165058 ], [ -43.9716748, -10.6792774 ], [ -43.9895282, -10.6692348 ], [ -43.9970348, -10.6405273 ], [ -44.0374978, -10.630759 ], [ -44.0581984, -10.6218201 ], [ -44.0694897, -10.6055105 ], [ -44.0807809, -10.5990808 ], [ -44.0834286, -10.58909 ], [ -44.1106216, -10.597196 ], [ -44.1259262, -10.6274228 ], [ -44.139264, -10.6398843 ], [ -44.1655401, -10.6429012 ], [ -44.1760938, -10.6328348 ], [ -44.1929849, -10.6285792 ], [ -44.2086475, -10.6153242 ], [ -44.218377, -10.6151805 ], [ -44.2451562, -10.6277684 ], [ -44.2666554, -10.623153 ], [ -44.2901819, -10.596712 ], [ -44.3017608, -10.5720432 ], [ -44.3145472, -10.557363 ], [ -44.3330997, -10.5487656 ], [ -44.3446125, -10.5497014 ], [ -44.354761, -10.5580072 ], [ -44.3922564, -10.6007043 ], [ -44.4051729, -10.6096272 ], [ -44.4282232, -10.6124048 ], [ -44.4517517, -10.606637 ], [ -44.4636318, -10.6152568 ], [ -44.4729565, -10.635109 ], [ -44.5005052, -10.6497019 ], [ -44.5274701, -10.646954 ], [ -44.5468098, -10.6301286 ], [ -44.5777794, -10.6267688 ], [ -44.5895146, -10.6324192 ], [ -44.6009822, -10.6534837 ], [ -44.6127634, -10.666757 ], [ -44.6269991, -10.6755784 ], [ -44.655257, -10.6766957 ], [ -44.6687974, -10.6870872 ], [ -44.6695443, -10.7017797 ], [ -44.6614818, -10.7305046 ], [ -44.6627828, -10.7505618 ], [ -44.6676847, -10.7600566 ], [ -44.680688, -10.7679159 ], [ -44.693018599999988, -10.7680619 ], [ -44.7145743, -10.7617251 ], [ -44.7460868, -10.7775803 ], [ -44.7574491, -10.7876634 ], [ -44.758499, -10.8034652 ], [ -44.7781726, -10.8040276 ], [ -44.7880619, -10.8085216 ], [ -44.8103231, -10.8465842 ], [ -44.8083292, -10.8661495 ], [ -44.831109, -10.8829822 ], [ -44.8471491, -10.901088 ], [ -44.8596626, -10.8831793 ], [ -44.8844297, -10.9023107 ], [ -44.8974447, -10.9029395 ], [ -44.9312179, -10.9287563 ], [ -44.9446946, -10.9189996 ], [ -44.9651539, -10.9372413 ], [ -44.9692466, -10.9538975 ], [ -44.9781933, -10.9555155 ], [ -44.9804776, -10.9693164 ], [ -44.9738151, -10.9784535 ], [ -44.975338, -10.9913978 ], [ -44.9700318, -11.004818 ], [ -44.977557, -11.0346589 ], [ -44.9593138, -11.0696265 ], [ -44.9635957, -11.0797889 ], [ -44.975272, -11.0882516 ], [ -44.9931809, -11.1088058 ], [ -45.0084409, -11.1216202 ], [ -44.9918907, -11.1425343 ], [ -44.9830007, -11.1592978 ], [ -44.9772494, -11.1887878 ], [ -44.9418849, -11.2011018 ], [ -44.9463821, -11.2094537 ], [ -44.959516699999988, -11.2145933 ], [ -44.9630859, -11.2244443 ], [ -44.9571134, -11.2361037 ], [ -44.9586125, -11.2687737 ], [ -44.9506175, -11.2925445 ], [ -44.9590408, -11.3125319 ], [ -44.9662506, -11.3166722 ], [ -44.9792424, -11.3375877 ], [ -44.9909494, -11.3466534 ], [ -44.9929481, -11.3617154 ], [ -44.9824547, -11.3829164 ], [ -44.9673299, -11.3802577 ], [ -44.9656565, -11.3626276 ], [ -44.9444019, -11.3410431 ], [ -44.9265164, -11.3446847 ], [ -44.9090943, -11.3536649 ], [ -44.9003517, -11.3489412 ], [ -44.888867, -11.3544122 ], [ -44.8724552, -11.3464398 ], [ -44.8566345, -11.3585937 ], [ -44.8392638, -11.3851047 ], [ -44.819252399999989, -11.3842502 ], [ -44.8014664, -11.3995227 ], [ -44.7927292, -11.4169312 ], [ -44.7710225, -11.4219171 ], [ -44.7345838, -11.402807 ], [ -44.7131835, -11.39679 ], [ -44.6937055, -11.4103458 ], [ -44.6853752, -11.4078283 ], [ -44.6853704, -11.6596087 ], [ -44.6747663, -11.6611477 ], [ -44.6617296, -11.6871453 ], [ -44.6509772, -11.6918712 ], [ -44.6418844, -11.7087151 ], [ -44.6432146, -11.7261986 ], [ -44.6633098, -11.7476794 ], [ -44.6604981, -11.7547031 ], [ -44.6778362, -11.7663874 ], [ -44.6858733, -11.789297 ], [ -44.679917599999989, -11.799883 ], [ -44.6970097, -11.8072884 ], [ -44.7275692, -11.8300572 ], [ -44.72962, -11.8469695 ], [ -44.7476838, -11.8546757 ], [ -44.753467, -11.8659562 ], [ -44.8198098, -11.8816071 ], [ -44.8295636, -11.8940913 ], [ -44.8286543, -11.9090006 ], [ -44.8381256, -11.9248883 ], [ -44.8544774, -11.9396407 ], [ -44.8693929, -11.9408029 ], [ -44.8799415, -11.9831462 ], [ -44.8874841, -11.9870751 ], [ -44.9043379, -12.0084002 ], [ -44.9166629, -12.0040796 ], [ -44.9291821, -12.007296 ], [ -44.9273439, -12.0214699 ], [ -44.9334868, -12.0334399 ], [ -44.9157652, -12.0340214 ], [ -44.8824115, -12.0508336 ], [ -44.8413731, -12.1190206 ], [ -44.84094, -12.1456746 ], [ -44.8342448, -12.147359 ], [ -44.8165417, -12.1359493 ], [ -44.7982811, -12.105258 ], [ -44.7800263, -12.1052082 ], [ -44.7738924, -12.1149838 ], [ -44.7583024, -12.1153742 ], [ -44.7355199, -12.1107978 ], [ -44.7172738, -12.1248152 ], [ -44.7080588, -12.1501585 ], [ -44.7053872, -12.1687017 ], [ -44.6970232, -12.1728295 ], [ -44.6841436, -12.1612594 ], [ -44.6553581, -12.1531917 ], [ -44.6380325, -12.1532597 ], [ -44.6288079, -12.1424148 ], [ -44.6178369, -12.1407856 ], [ -44.579832, -12.1550942 ], [ -44.466052, -12.1440828 ], [ -44.5351273, -12.3005581 ], [ -44.5316076, -12.3081779 ], [ -44.4965099, -12.3015938 ], [ -44.4654355, -12.308147 ], [ -44.4409962, -12.2959346 ], [ -44.4281724, -12.2972311 ], [ -44.3964248, -12.2877041 ], [ -44.3787453, -12.2944041 ], [ -44.3511821, -12.2965348 ], [ -44.3363731, -12.3053792 ], [ -44.3126, -12.306574 ], [ -44.3202257, -12.3624174 ], [ -44.3303165, -12.4670228 ], [ -44.3149024, -12.5233873 ], [ -44.2333926, -12.5706248 ], [ -44.2652154, -12.6345485 ], [ -44.2625871, -12.6392308 ], [ -44.1791683, -12.7412156 ], [ -44.1289604, -12.7586147 ], [ -44.0813817, -12.7701517 ], [ -44.0528218, -12.7580696 ], [ -44.0382399, -12.7599977 ], [ -44.0216531, -12.7550066 ], [ -44.0131243, -12.7445451 ], [ -43.9675958, -12.7198376 ], [ -43.9451504, -12.7048309 ], [ -43.830923, -12.6871257 ], [ -43.536422, -12.6368587 ], [ -43.4435977, -12.5514355 ] ] ] } },
{ "type": "Feature", "properties": { "name_micro": "ENTRE RIOS", "total_migrantes": 0, "populacao": 116654.0, "taxa_100k": 0.0, "ano": 2025.0 }, "geometry": { "type": "Polygon", "coordinates": [ [ [ -37.8932837, -12.4082421 ], [ -37.8821514, -12.3941441 ], [ -37.8456205, -12.3382243 ], [ -37.8129545, -12.2931359 ], [ -37.7915955, -12.2687063 ], [ -37.7693535, -12.2383665 ], [ -37.6910529, -12.1085173 ], [ -37.6460959, -12.022375 ], [ -37.6101041, -11.9556663 ], [ -37.5677339, -11.8615468 ], [ -37.5382185, -11.798341 ], [ -37.5247061, -11.766242 ], [ -37.4525519, -11.6251687 ], [ -37.4063284, -11.5365898 ], [ -37.3842351, -11.5036349 ], [ -37.3491581, -11.4621022 ], [ -37.355255299999989, -11.4436993 ], [ -37.3686307, -11.4598165 ], [ -37.3935758, -11.4816107 ], [ -37.4325207, -11.5111781 ], [ -37.4581857, -11.5237135 ], [ -37.475325, -11.522367 ], [ -37.5047505, -11.5249101 ], [ -37.5164465, -11.5363318 ], [ -37.5200676, -11.5493035 ], [ -37.5547338, -11.5479981 ], [ -37.5681922, -11.53974 ], [ -37.5750948, -11.5427984 ], [ -37.5871402, -11.5284813 ], [ -37.6032136, -11.5399055 ], [ -37.6162749, -11.5384804 ], [ -37.6328622, -11.522497 ], [ -37.6523383, -11.5271034 ], [ -37.6625445, -11.5361889 ], [ -37.6614987, -11.5463354 ], [ -37.6821637, -11.5623581 ], [ -37.69875, -11.563331 ], [ -37.6959975, -11.5453408 ], [ -37.7023517, -11.5402726 ], [ -37.7134244, -11.5532444 ], [ -37.728814, -11.5520173 ], [ -37.7304166, -11.5380154 ], [ -37.749361, -11.5386277 ], [ -37.7592392, -11.5252842 ], [ -37.7999767, -11.5213761 ], [ -37.8108428, -11.5366313 ], [ -37.821009, -11.5415581 ], [ -37.8288706, -11.5585987 ], [ -37.8266176, -11.5854414 ], [ -37.8220905, -11.5964966 ], [ -37.8121001, -11.5970253 ], [ -37.8012935, -11.6063797 ], [ -37.7903189, -11.6255875 ], [ -37.7758232, -11.6376694 ], [ -37.7640227, -11.6375892 ], [ -37.7499248, -11.6612859 ], [ -37.7477589, -11.6799465 ], [ -37.7379106, -11.6894765 ], [ -37.7321416, -11.7084444 ], [ -37.7386399, -11.7235135 ], [ -37.7525097, -11.7098126 ], [ -37.7775238, -11.7068989 ], [ -37.7836914, -11.7221084 ], [ -37.7951889, -11.7315501 ], [ -37.812873, -11.7367737 ], [ -37.8363843, -11.7345309 ], [ -37.8515022, -11.7250476 ], [ -37.8601968, -11.7129599 ], [ -37.858383599999989, -11.6950283 ], [ -37.8650937, -11.6840923 ], [ -37.8940327, -11.690474 ], [ -37.9233066, -11.677077 ], [ -37.9888352, -11.7371045 ], [ -38.01145, -11.768591 ], [ -38.0279021, -11.7510493 ], [ -38.0252451, -11.7323171 ], [ -38.0465839, -11.6795946 ], [ -38.0664876, -11.6890802 ], [ -38.1117325, -11.7328296 ], [ -38.1388234, -11.7636111 ], [ -38.1439772, -11.7642766 ], [ -38.1474637, -11.7859371 ], [ -38.1439726, -11.7997934 ], [ -38.1584835, -11.8027961 ], [ -38.1807635, -11.7828262 ], [ -38.2002127, -11.7916311 ], [ -38.1857469, -11.8379838 ], [ -38.1950969, -11.8393473 ], [ -38.1962541, -11.8666248 ], [ -38.1852847, -11.9016757 ], [ -38.1910461, -11.910269 ], [ -38.2730441, -11.9635122 ], [ -38.2828365, -12.0395277 ], [ -38.2459553, -12.029096 ], [ -38.2384877, -12.0146762 ], [ -38.2128215, -12.0107431 ], [ -38.1983481, -12.0192716 ], [ -38.2019008, -12.0350295 ], [ -38.2112778, -12.0509919 ], [ -38.2103811, -12.0745697 ], [ -38.2007228, -12.09466 ], [ -38.1979025, -12.1114005 ], [ -38.1728326, -12.1143534 ], [ -38.1462929, -12.1250795 ], [ -38.1379854, -12.1432769 ], [ -38.1036283, -12.1413088 ], [ -38.0915917, -12.1460638 ], [ -38.0818995, -12.1581095 ], [ -38.0687607, -12.137668 ], [ -38.0608312, -12.1349312 ], [ -38.0490618, -12.1427614 ], [ -38.0449466, -12.1566686 ], [ -38.0280613, -12.1693549 ], [ -38.0192601, -12.1828995 ], [ -38.0175376, -12.2181884 ], [ -37.9225316, -12.2643218 ], [ -37.9133942, -12.3094582 ], [ -37.9711806, -12.3698139 ], [ -37.958219, -12.3682889 ], [ -37.9437756, -12.3764207 ], [ -37.9314322, -12.3715071 ], [ -37.927449, -12.3809214 ], [ -37.9052914, -12.385854 ], [ -37.8948194, -12.3803718 ], [ -37.8932837, -12.4082421 ] ] ] } },
{ "type": "Feature", "properties": { "name_micro": "EUCLIDES DA CUNHA", "total_migrantes": 0, "populacao": 321041.0, "taxa_100k": 0.0, "ano": 2025.0 }, "geometry": { "type": "Polygon", "coordinates": [ [ [ -38.7847894, -9.6468173 ], [ -38.8089892, -9.6547086 ], [ -38.8232125, -9.6490072 ], [ -38.8344173, -9.6379139 ], [ -38.8611295, -9.6307324 ], [ -38.8865011, -9.6337654 ], [ -38.9652883, -9.6391201 ], [ -39.1100528, -9.6256943 ], [ -39.1173278, -9.6457453 ], [ -39.1367821, -9.6471156 ], [ -39.1431395, -9.6529114 ], [ -39.1649076, -9.6463518 ], [ -39.1765608, -9.6364555 ], [ -39.1969345, -9.6387968 ], [ -39.211209, -9.6449214 ], [ -39.2237003, -9.634628 ], [ -39.261157, -9.6377797 ], [ -39.2714759, -9.6305378 ], [ -39.2809868, -9.6347026 ], [ -39.302483599999988, -9.6175947 ], [ -39.3075302, -9.6074754 ], [ -39.3308224, -9.5943626 ], [ -39.3595727, -9.6156913 ], [ -39.6000655, -9.6996446 ], [ -39.6441021, -9.7068286 ], [ -39.6689216, -9.7291686 ], [ -39.6561897, -9.7405538 ], [ -39.6628186, -9.750663 ], [ -39.6857157, -9.7628357 ], [ -39.7957646, -9.8438103 ], [ -39.7871127, -9.8524123 ], [ -39.7792236, -9.8712246 ], [ -39.7673293, -9.8669767 ], [ -39.7476674, -9.881177 ], [ -39.7382949, -9.9010964 ], [ -39.7502299, -9.9536716 ], [ -39.7654699, -9.9702581 ], [ -39.7598016, -9.9917423 ], [ -39.7673397, -9.9971104 ], [ -39.7620429, -10.0152018 ], [ -39.7655407, -10.0320484 ], [ -39.7565803, -10.0569021 ], [ -39.7582077, -10.0735892 ], [ -39.7342954, -10.0892246 ], [ -39.7335272, -10.1127667 ], [ -39.7286575, -10.1156025 ], [ -39.7316015, -10.1728418 ], [ -39.7362729, -10.1981071 ], [ -39.7374222, -10.2288275 ], [ -39.7442512, -10.2427816 ], [ -39.7217071, -10.266996 ], [ -39.716650099999988, -10.2779519 ], [ -39.7139676, -10.3190934 ], [ -39.7229985, -10.334029 ], [ -39.7353405, -10.3368806 ], [ -39.7393173, -10.3490461 ], [ -39.7368586, -10.3920572 ], [ -39.7313329, -10.4101056 ], [ -39.7391375, -10.4285095 ], [ -39.7515251, -10.4387416 ], [ -39.7575163, -10.4676408 ], [ -39.7619797, -10.4755663 ], [ -39.7651357, -10.5153115 ], [ -39.7609741, -10.5220553 ], [ -39.7725633, -10.5477549 ], [ -39.7620793, -10.5644551 ], [ -39.7560972, -10.600088 ], [ -39.7480652, -10.6099183 ], [ -39.7509823, -10.6182301 ], [ -39.7440828, -10.6426447 ], [ -39.7283028, -10.6507978 ], [ -39.7238335, -10.6594687 ], [ -39.6978151, -10.6708901 ], [ -39.7012995, -10.6899878 ], [ -39.6979704, -10.7032522 ], [ -39.7014631, -10.7161875 ], [ -39.7095285, -10.7196854 ], [ -39.6948944, -10.7401378 ], [ -39.699066, -10.7530761 ], [ -39.6869884, -10.770539 ], [ -39.6750434, -10.8070036 ], [ -39.6610534, -10.8178545 ], [ -39.6673311, -10.8276071 ], [ -39.6649945, -10.8391608 ], [ -39.6493741, -10.8435802 ], [ -39.626025, -10.8746644 ], [ -39.6243931, -10.8845433 ], [ -39.6302387, -10.9114115 ], [ -39.6275726, -10.9149719 ], [ -39.6693974, -10.947046 ], [ -39.729246, -10.9542862 ], [ -39.7531182, -10.953644 ], [ -39.7619725, -10.9616506 ], [ -39.7815721, -10.9551107 ], [ -39.7988478, -10.9388289 ], [ -39.8256698, -10.9391274 ], [ -39.8262569, -10.9280534 ], [ -39.8426471, -10.9272164 ], [ -39.8421227, -10.9164873 ], [ -39.8571113, -10.9188412 ], [ -39.8695739, -10.9033062 ], [ -39.879518399999988, -10.9075063 ], [ -39.889515, -10.8998931 ], [ -39.9026555, -10.9158482 ], [ -39.9235033, -10.9176325 ], [ -39.9279118, -10.9046516 ], [ -39.9454991, -10.9082792 ], [ -39.9505009, -10.8925905 ], [ -39.9622903, -10.8975518 ], [ -39.9994905, -10.8836796 ], [ -40.0188535, -10.8839822 ], [ -40.0174381, -10.9025379 ], [ -40.0080905, -10.9165732 ], [ -40.0156165, -10.930506 ], [ -40.0180567, -10.9621913 ], [ -40.0245161, -10.9809159 ], [ -39.9945752, -11.0971815 ], [ -39.9819104, -11.1511593 ], [ -39.9633132, -11.1501135 ], [ -39.9529984, -11.1568736 ], [ -39.9552984, -11.2486547 ], [ -39.8618464, -11.3129368 ], [ -39.8391987, -11.3071136 ], [ -39.8242963, -11.2899711 ], [ -39.8020887, -11.2808777 ], [ -39.7916628, -11.2719341 ], [ -39.7750376, -11.2665385 ], [ -39.7422608, -11.2504046 ], [ -39.7259618, -11.2362765 ], [ -39.7030053, -11.2237596 ], [ -39.6618547, -11.2116109 ], [ -39.6484478, -11.2011057 ], [ -39.6341617, -11.1809416 ], [ -39.6178968, -11.1729632 ], [ -39.6016981, -11.1540546 ], [ -39.5817725, -11.1433891 ], [ -39.5714851, -11.131948 ], [ -39.5453372, -11.122859 ], [ -39.540291, -11.1156351 ], [ -39.4927679, -11.0945391 ], [ -39.4808829, -11.0811511 ], [ -39.4770457, -11.0698951 ], [ -39.4556608, -11.0593397 ], [ -39.442497, -11.0415476 ], [ -39.4208544, -11.0290411 ], [ -39.4098402, -11.0082003 ], [ -39.3785969, -10.9952086 ], [ -39.3565097, -10.9908608 ], [ -39.3538177, -10.9801361 ], [ -39.3435518, -10.9715354 ], [ -39.3069429, -10.9896235 ], [ -39.290547, -10.9846349 ], [ -39.270598799999988, -10.9864701 ], [ -39.265072, -10.9917177 ], [ -39.2319947, -11.0003741 ], [ -39.203796, -10.9998807 ], [ -39.184494, -11.0123734 ], [ -39.1659935, -11.019267 ], [ -39.161688, -11.0098526 ], [ -39.1157475, -11.0179994 ], [ -39.1001141, -11.0228465 ], [ -39.0914175, -11.0368333 ], [ -39.0697716, -11.0434204 ], [ -39.0645308, -11.0337167 ], [ -39.0475014, -11.0211365 ], [ -39.0326723, -11.0309479 ], [ -39.0126978, -11.034962 ], [ -39.0063787, -11.0533633 ], [ -38.9692706, -11.0494801 ], [ -38.9453353, -11.0523919 ], [ -38.946773, -11.0701208 ], [ -38.9409698, -11.0800749 ], [ -38.8723489, -11.3462344 ], [ -38.8585065, -11.3533344 ], [ -38.8189313, -11.3529159 ], [ -38.8041417, -11.3469947 ], [ -38.7964698, -11.3531185 ], [ -38.7741465, -11.3563555 ], [ -38.6260564, -11.1858156 ], [ -38.6177218, -11.1651573 ], [ -38.6108175, -11.1372132 ], [ -38.588459, -11.143701 ], [ -38.5729401, -11.1413437 ], [ -38.5589349, -11.1272423 ], [ -38.5657185, -11.1161138 ], [ -38.5690432, -11.0958409 ], [ -38.5560861, -11.0761575 ], [ -38.5766691, -11.061738 ], [ -38.5937668, -11.0255098 ], [ -38.5939552, -10.9884418 ], [ -38.625315, -10.9402274 ], [ -38.6676106, -10.8992644 ], [ -38.7111418, -10.8900441 ], [ -38.7624507, -10.7983961 ], [ -38.7751752, -10.7739045 ], [ -38.7719202, -10.7576901 ], [ -38.758772199999989, -10.7330502 ], [ -38.733308699999988, -10.7177374 ], [ -38.7319641, -10.7007215 ], [ -38.7403172, -10.6939805 ], [ -38.7405368, -10.6471777 ], [ -38.7488102, -10.639025 ], [ -38.7774328, -10.6454752 ], [ -38.7856684, -10.6323796 ], [ -38.757255, -10.6108435 ], [ -38.7404513, -10.6067061 ], [ -38.7289426, -10.5868603 ], [ -38.7178938, -10.5762747 ], [ -38.7159162, -10.5648265 ], [ -38.7051046, -10.5649739 ], [ -38.7007872, -10.5286495 ], [ -38.7010475, -10.5059175 ], [ -38.6853158, -10.5003962 ], [ -38.6799263, -10.4872648 ], [ -38.669911, -10.4823761 ], [ -38.6561399, -10.4848615 ], [ -38.6327205, -10.4671466 ], [ -38.6393782, -10.4532082 ], [ -38.6355456, -10.4445071 ], [ -38.622091499999989, -10.4386484 ], [ -38.6267807, -10.422782 ], [ -38.6340694, -10.4158737 ], [ -38.6401656, -10.3843773 ], [ -38.6518396, -10.3785263 ], [ -38.643939, -10.3643496 ], [ -38.6252349, -10.3595548 ], [ -38.6134597, -10.348927 ], [ -38.5789899, -10.3333595 ], [ -38.57634, -10.3132794 ], [ -38.5865821, -10.2929706 ], [ -38.5823217, -10.2823743 ], [ -38.5768723, -10.2522006 ], [ -38.5830545, -10.2340141 ], [ -38.5762599, -10.224999 ], [ -38.6006311, -10.2186046 ], [ -38.6141931, -10.2088124 ], [ -38.6347707, -10.2016494 ], [ -38.6699942, -10.1831514 ], [ -38.6940514, -10.1899174 ], [ -38.7340158, -10.1637013 ], [ -38.7203833, -10.1489371 ], [ -38.7129986, -10.1265595 ], [ -38.743931599999989, -10.1027173 ], [ -38.7513621, -10.08437 ], [ -38.7645681, -10.0671665 ], [ -38.7797901, -10.0609102 ], [ -38.8002773, -10.0310241 ], [ -38.8051361, -10.010537 ], [ -38.8376648, -9.9992447 ], [ -38.8549523, -9.9963231 ], [ -38.871366099999989, -9.9824735 ], [ -38.8786673, -9.9673573 ], [ -38.8902486, -9.9786662 ], [ -38.8990632, -9.9786074 ], [ -38.9042524, -9.9583391 ], [ -38.9185236, -9.9600053 ], [ -38.9316909, -9.8743679 ], [ -38.9190111, -9.8547573 ], [ -38.869466, -9.8328928 ], [ -38.8613778, -9.8244417 ], [ -38.8606193, -9.7976501 ], [ -38.8655063, -9.7814874 ], [ -38.845837599999989, -9.7719369 ], [ -38.8291982, -9.7552179 ], [ -38.8051655, -9.7540021 ], [ -38.7862572, -9.7469604 ], [ -38.7794273, -9.7124983 ], [ -38.7822232, -9.7014338 ], [ -38.7734377, -9.6739412 ], [ -38.7847894, -9.6468173 ] ] ] } },
{ "type": "Feature", "properties": { "name_micro": "FEIRA DE SANTANA", "total_migrantes": 79, "populacao": 1131628.0, "taxa_100k": 0.6981092726585062, "ano": 2025.0 }, "geometry": { "type": "Polygon", "coordinates": [ [ [ -38.527279, -12.2750905 ], [ -38.520802, -12.2593044 ], [ -38.5494365, -12.2447725 ], [ -38.5866603, -12.1936754 ], [ -38.5886925, -12.1775801 ], [ -38.5798596, -12.1549753 ], [ -38.5803501, -12.1457548 ], [ -38.570453, -12.1241556 ], [ -38.5766704, -12.1152125 ], [ -38.5759912, -12.0866091 ], [ -38.586607, -12.0627675 ], [ -38.5862455, -12.0450423 ], [ -38.6057339, -12.0218368 ], [ -38.6074101, -11.9942555 ], [ -38.6170722, -11.9782488 ], [ -38.6169843, -11.962692 ], [ -38.6312852, -11.9332609 ], [ -38.5970502, -11.9530366 ], [ -38.6048881, -11.9045873 ], [ -38.5890823, -11.8521886 ], [ -38.579194, -11.8392069 ], [ -38.5756823, -11.8214452 ], [ -38.5777657, -11.800721 ], [ -38.5681563, -11.7911161 ], [ -38.5615549, -11.7742502 ], [ -38.5425073, -11.7568173 ], [ -38.554997, -11.7462094 ], [ -38.5811954, -11.732589 ], [ -38.6023779, -11.7146102 ], [ -38.6182775, -11.7062712 ], [ -38.6263286, -11.709116 ], [ -38.6468221, -11.6904928 ], [ -38.6551283, -11.6946721 ], [ -38.6742408, -11.6929087 ], [ -38.6803936, -11.6973651 ], [ -38.7169138, -11.6913379 ], [ -38.7297417, -11.695911 ], [ -38.7467597, -11.6925958 ], [ -38.7651531, -11.7019805 ], [ -38.7920627, -11.7236344 ], [ -38.7933855, -11.7329411 ], [ -38.8175739, -11.7567267 ], [ -38.8217982, -11.7700659 ], [ -38.8377147, -11.7774813 ], [ -38.8502061, -11.7959867 ], [ -38.8646604, -11.8005483 ], [ -38.8706526, -11.8192558 ], [ -38.8764552, -11.8226925 ], [ -38.889554, -11.8584248 ], [ -38.9006478, -11.8817087 ], [ -38.9152761, -11.8996483 ], [ -38.9282458, -11.8723975 ], [ -38.9283705, -11.8588595 ], [ -38.9353826, -11.8382492 ], [ -38.9543194, -11.8243737 ], [ -38.9685698, -11.8255468 ], [ -38.9804882, -11.8108838 ], [ -39.00482, -11.811638 ], [ -39.0129914, -11.821043 ], [ -39.0231546, -11.8190944 ], [ -39.0395329, -11.8260733 ], [ -39.0746704, -11.8281155 ], [ -39.0832649, -11.8334198 ], [ -39.0870193, -11.8494401 ], [ -39.083031, -11.8586711 ], [ -39.0968486, -11.8859454 ], [ -39.1082909, -11.8978488 ], [ -39.120198, -11.9245945 ], [ -39.1340371, -11.9289119 ], [ -39.1457582, -11.944165 ], [ -39.1641199, -11.9510134 ], [ -39.1622393, -11.962581 ], [ -39.1736612, -11.9646379 ], [ -39.1749652, -11.9813766 ], [ -39.2966769, -11.9907993 ], [ -39.3097238, -11.9894956 ], [ -39.3135182, -11.9781511 ], [ -39.3463147, -11.9682906 ], [ -39.3676601, -11.9699736 ], [ -39.3720677, -11.9804669 ], [ -39.3885617, -11.9919629 ], [ -39.4011079, -11.9921994 ], [ -39.4125766, -12.0029532 ], [ -39.4582299, -12.0129944 ], [ -39.4656521, -12.0111213 ], [ -39.5366242, -12.0255033 ], [ -39.5769031, -12.0391404 ], [ -39.5910014, -12.0537532 ], [ -39.6067454, -12.0272354 ], [ -39.6241108, -12.0148065 ], [ -39.6363919, -11.9972619 ], [ -39.6440946, -11.970386 ], [ -39.6416737, -11.9540863 ], [ -39.6582763, -11.9473731 ], [ -39.665136499999988, -11.9338498 ], [ -39.6777616, -11.9236546 ], [ -39.6927512, -11.9238315 ], [ -39.7191058, -11.9055069 ], [ -39.7427963, -11.9027772 ], [ -39.7471482, -11.8941832 ], [ -39.7484251, -11.8600414 ], [ -39.7408259, -11.8422733 ], [ -39.7175614, -11.8260632 ], [ -39.7452674, -11.8186258 ], [ -39.7513811, -11.8234304 ], [ -39.7694267, -11.8199729 ], [ -39.8049028, -11.8254198 ], [ -39.8129958, -11.8109301 ], [ -39.8453422, -11.7743807 ], [ -39.8406932, -11.7552864 ], [ -39.8644745, -11.7482683 ], [ -39.8631883, -11.7410647 ], [ -39.8851467, -11.7401442 ], [ -39.9085779, -11.7205959 ], [ -39.9436472, -11.7425218 ], [ -39.9707858, -11.7554085 ], [ -39.9984799, -11.7798445 ], [ -39.9961595, -11.8013245 ], [ -40.019212, -11.8062467 ], [ -40.0240544, -11.8137967 ], [ -40.015479, -11.8295483 ], [ -40.0277968, -11.8365026 ], [ -40.0385677, -11.8320878 ], [ -40.0373959, -11.854815 ], [ -40.0474986, -11.8712308 ], [ -40.0282958, -11.9037099 ], [ -40.0103825, -11.9201347 ], [ -40.0032106, -11.9374381 ], [ -39.9956752, -11.9374531 ], [ -39.9814459, -11.9490464 ], [ -39.9551134, -11.9620251 ], [ -39.9657463, -11.9843947 ], [ -39.9620029, -12.0223782 ], [ -39.9723336, -12.0324956 ], [ -39.9712479, -12.0545168 ], [ -40.0285189, -12.0551704 ], [ -40.025224, -12.070998 ], [ -40.031084, -12.0960498 ], [ -40.0285057, -12.1128323 ], [ -40.0342217, -12.1230294 ], [ -40.0321, -12.1500022 ], [ -40.0393036, -12.1550329 ], [ -40.0327759, -12.1712361 ], [ -40.0452895, -12.1805194 ], [ -40.0504625, -12.1960238 ], [ -40.0903727, -12.2028084 ], [ -40.140482, -12.2467295 ], [ -40.1331576, -12.2806787 ], [ -40.1329034, -12.3001319 ], [ -40.1245199, -12.3131828 ], [ -40.1085416, -12.3257861 ], [ -40.0928133, -12.3253974 ], [ -40.0738437, -12.3431403 ], [ -40.0606218, -12.3410835 ], [ -40.0512969, -12.3552402 ], [ -40.0269851, -12.381764 ], [ -40.0214647, -12.4033098 ], [ -39.9868769, -12.4296204 ], [ -39.9750985, -12.4666156 ], [ -39.9654013, -12.4757828 ], [ -39.9395637, -12.4837513 ], [ -39.9338893, -12.5148537 ], [ -39.9256899, -12.5216021 ], [ -39.9081229, -12.517462 ], [ -39.892890099999988, -12.5239338 ], [ -39.882385, -12.5167718 ], [ -39.853547299999988, -12.5124188 ], [ -39.8260881, -12.5349717 ], [ -39.8038382, -12.5369426 ], [ -39.7918119, -12.5576306 ], [ -39.7870254, -12.6149462 ], [ -39.8059087, -12.6864565 ], [ -39.7973021, -12.7049371 ], [ -39.8556988, -12.7956004 ], [ -39.8341042, -12.8206931 ], [ -39.7991653, -12.841242 ], [ -39.7850635, -12.8382292 ], [ -39.7715666, -12.8542764 ], [ -39.7552306, -12.8602176 ], [ -39.7274652, -12.8769852 ], [ -39.7126842, -12.8621419 ], [ -39.678746, -12.8872631 ], [ -39.6661149, -12.9154603 ], [ -39.6446237, -12.9299891 ], [ -39.6304752, -12.9303747 ], [ -39.6230588, -12.9132419 ], [ -39.6142983, -12.9264842 ], [ -39.5942212, -12.9388526 ], [ -39.5750494, -12.9596259 ], [ -39.5456856, -12.9955611 ], [ -39.5465898, -13.0084472 ], [ -39.5320736, -13.0211358 ], [ -39.5110968, -13.0150997 ], [ -39.5025967, -12.9970487 ], [ -39.4894171, -12.997658 ], [ -39.4743263, -12.9848421 ], [ -39.4747063, -12.9742364 ], [ -39.4638061, -12.952667 ], [ -39.4591332, -12.9329494 ], [ -39.4663174, -12.920093 ], [ -39.4675899, -12.897927 ], [ -39.478701, -12.8635849 ], [ -39.474412, -12.8476293 ], [ -39.4889074, -12.8345769 ], [ -39.4848769, -12.827599 ], [ -39.4919064, -12.814201 ], [ -39.5027213, -12.8127561 ], [ -39.5023156, -12.7883215 ], [ -39.4984532, -12.7754394 ], [ -39.4971073, -12.7396559 ], [ -39.4929444, -12.7300451 ], [ -39.47059, -12.7175508 ], [ -39.4667937, -12.6992021 ], [ -39.4349895, -12.6759476 ], [ -39.435505, -12.6497527 ], [ -39.4407828, -12.6392472 ], [ -39.439715299999989, -12.6146776 ], [ -39.417045699999989, -12.6160275 ], [ -39.396493, -12.5947677 ], [ -39.3726876, -12.58435 ], [ -39.3480809, -12.5689354 ], [ -39.3422357, -12.561676 ], [ -39.314186, -12.5479557 ], [ -39.276536, -12.5373969 ], [ -39.2593953, -12.5488977 ], [ -39.2265132, -12.5464623 ], [ -39.2056793, -12.5128508 ], [ -39.1746159, -12.5058825 ], [ -39.1509105, -12.506774 ], [ -39.113498, -12.4944064 ], [ -39.090866, -12.4948328 ], [ -39.0738783, -12.502016 ], [ -39.0659616, -12.5282403 ], [ -39.0575239, -12.5409613 ], [ -39.0255008, -12.55228 ], [ -39.0085791, -12.5676941 ], [ -38.9996884, -12.5632 ], [ -38.9793679, -12.565049 ], [ -38.982889199999988, -12.5516893 ], [ -38.961762899999989, -12.5407502 ], [ -38.947496, -12.5399887 ], [ -38.9106412, -12.5179 ], [ -38.8837584, -12.5227338 ], [ -38.8774309, -12.5106598 ], [ -38.838371, -12.5140478 ], [ -38.8347142, -12.4936486 ], [ -38.8519427, -12.4837827 ], [ -38.8381591, -12.4087753 ], [ -38.8274017, -12.3967166 ], [ -38.8385693, -12.3713602 ], [ -38.8335488, -12.3682565 ], [ -38.7951897, -12.3695005 ], [ -38.775202, -12.3641758 ], [ -38.6562927, -12.3731132 ], [ -38.658084, -12.3628892 ], [ -38.6422753, -12.3599996 ], [ -38.6400963, -12.348456 ], [ -38.6277945, -12.3350314 ], [ -38.6194858, -12.3188392 ], [ -38.6014071, -12.3241857 ], [ -38.5896355, -12.3127911 ], [ -38.5693057, -12.3186155 ], [ -38.56328, -12.3313312 ], [ -38.5329887, -12.3422508 ], [ -38.5285522, -12.3097633 ], [ -38.530636799999989, -12.2853414 ], [ -38.527279, -12.2750905 ] ] ] } },
{ "type": "Feature", "properties": { "name_micro": "GUANAMBI", "total_migrantes": 0, "populacao": 396074.0, "taxa_100k": 0.0, "ano": 2025.0 }, "geometry": { "type": "Polygon", "coordinates": [ [ [ -43.7831867, -14.3392337 ], [ -43.7985683, -14.3596936 ], [ -43.8036191, -14.3715419 ], [ -43.8202578, -14.3918745 ], [ -43.8270643, -14.428921 ], [ -43.8319646, -14.4430072 ], [ -43.8748336, -14.5245471 ], [ -43.8785951, -14.5677476 ], [ -43.8872301, -14.5851792 ], [ -43.8767315, -14.5908033 ], [ -43.8746265, -14.6367654 ], [ -43.8835365, -14.6525478 ], [ -43.859201, -14.6742988 ], [ -43.8468677, -14.672105 ], [ -43.8201405, -14.6789154 ], [ -43.7988639, -14.687475 ], [ -43.7856622, -14.685719 ], [ -43.7632579, -14.6926549 ], [ -43.7555124, -14.7008351 ], [ -43.7262579, -14.6981614 ], [ -43.7181447, -14.7114221 ], [ -43.7198617, -14.7295389 ], [ -43.6959251, -14.7239203 ], [ -43.6771671, -14.7294855 ], [ -43.6570003, -14.7457515 ], [ -43.6299991, -14.7503579 ], [ -43.6150001, -14.7598926 ], [ -43.5862999, -14.7500568 ], [ -43.5737826, -14.7651633 ], [ -43.5416401, -14.7791284 ], [ -43.5339468, -14.7887197 ], [ -43.5395854, -14.8029668 ], [ -43.5313918, -14.8152992 ], [ -43.5111629, -14.7965745 ], [ -43.4942577, -14.7907787 ], [ -43.4783768, -14.792051 ], [ -43.4683014, -14.7848356 ], [ -43.4798115, -14.7725169 ], [ -43.4721724, -14.7623647 ], [ -43.4562579, -14.7577474 ], [ -43.4612722, -14.7462285 ], [ -43.424204, -14.720095 ], [ -43.4166971, -14.7242533 ], [ -43.3990296, -14.7102196 ], [ -43.3727734, -14.6991056 ], [ -43.3541617, -14.698089 ], [ -43.3361996, -14.6893097 ], [ -43.330505, -14.6801282 ], [ -43.3112274, -14.6697481 ], [ -43.2981427, -14.6760843 ], [ -43.2836992, -14.6739094 ], [ -43.2805523, -14.6658639 ], [ -43.2613907, -14.6633529 ], [ -43.2450549, -14.6565111 ], [ -43.2076646, -14.6583546 ], [ -43.1934121, -14.6501124 ], [ -43.1791811, -14.6609781 ], [ -43.1749546, -14.6510548 ], [ -43.1514964, -14.6663341 ], [ -43.1274974, -14.66568 ], [ -43.1163041, -14.6788545 ], [ -43.1080272, -14.6731675 ], [ -43.0915158, -14.6833223 ], [ -43.0831878, -14.6980582 ], [ -43.068077, -14.6809514 ], [ -43.0571677, -14.6906163 ], [ -43.036668, -14.6830609 ], [ -43.0268123, -14.6935489 ], [ -43.0109473, -14.7016622 ], [ -43.0028016, -14.69629 ], [ -42.9868941, -14.7009651 ], [ -42.9773253, -14.6983871 ], [ -42.9526882, -14.7084023 ], [ -42.9388802, -14.7080296 ], [ -42.9366979, -14.7217035 ], [ -42.9112201, -14.7456778 ], [ -42.9058847, -14.7610457 ], [ -42.8974955, -14.7615271 ], [ -42.8606621, -14.7805911 ], [ -42.8558641, -14.7900977 ], [ -42.8423875, -14.796068 ], [ -42.835361399999989, -14.8077593 ], [ -42.7955254, -14.837342 ], [ -42.7551378, -14.8464214 ], [ -42.7472194, -14.8677547 ], [ -42.7233598, -14.8856124 ], [ -42.7069125, -14.8811626 ], [ -42.6927972, -14.9024904 ], [ -42.6798532, -14.9033276 ], [ -42.648629, -14.9299879 ], [ -42.6207127, -14.9436952 ], [ -42.602543499999989, -14.9246771 ], [ -42.5855825, -14.9316028 ], [ -42.5606855, -14.9622972 ], [ -42.5543287, -14.9592988 ], [ -42.533276, -14.9682744 ], [ -42.5329927, -14.9762929 ], [ -42.4895161, -15.0002941 ], [ -42.4759116, -15.0170404 ], [ -42.4435981, -15.0206461 ], [ -42.4429392, -15.0613198 ], [ -42.4216786, -15.0655326 ], [ -42.4010687, -15.0772458 ], [ -42.3810145, -15.0709945 ], [ -42.3718571, -15.0736296 ], [ -42.354907, -15.0982031 ], [ -42.3351395, -15.0788071 ], [ -42.3236896, -15.0935593 ], [ -42.305543, -15.1044995 ], [ -42.2776086, -15.1136527 ], [ -42.2925747, -15.0876231 ], [ -42.2834077, -15.0732641 ], [ -42.2786086, -15.0549513 ], [ -42.2512209, -15.046437 ], [ -42.227013, -15.0446378 ], [ -42.20901, -15.022522 ], [ -42.2103173, -14.9906277 ], [ -42.2241065, -14.9799867 ], [ -42.2360985, -14.9583141 ], [ -42.2390254, -14.942214 ], [ -42.2304633, -14.9267825 ], [ -42.2300424, -14.9124686 ], [ -42.200251, -14.8730204 ], [ -42.1979247, -14.8575496 ], [ -42.1859908, -14.8508589 ], [ -42.1750041, -14.8338411 ], [ -42.1764235, -14.8220577 ], [ -42.1520781, -14.8146658 ], [ -42.1289042, -14.8124598 ], [ -42.1211521, -14.8201535 ], [ -42.0889652, -14.8255492 ], [ -42.0607402, -14.8502756 ], [ -42.0532424, -14.8390118 ], [ -42.0466466, -14.8065478 ], [ -42.0565183, -14.7803688 ], [ -42.0512773, -14.7471809 ], [ -42.0682567, -14.7165525 ], [ -42.0507677, -14.7029301 ], [ -42.0502918, -14.6927579 ], [ -42.0589115, -14.6796811 ], [ -42.0875099, -14.6754486 ], [ -42.1180558, -14.6452637 ], [ -42.1569064, -14.5970416 ], [ -42.1547648, -14.5263208 ], [ -42.1782617, -14.5144876 ], [ -42.1583552, -14.500993 ], [ -42.1504524, -14.4889732 ], [ -42.1733694, -14.4081071 ], [ -42.2309335, -14.3776312 ], [ -42.1941571, -14.3753644 ], [ -42.2056203, -14.3361087 ], [ -42.1936517, -14.2837297 ], [ -42.1864287, -14.2608144 ], [ -42.1725327, -14.2457745 ], [ -42.1885559, -14.232261 ], [ -42.1974311, -14.2187879 ], [ -42.214993, -14.2026139 ], [ -42.2248348, -14.182105 ], [ -42.2209095, -14.1718411 ], [ -42.1852907, -14.1726522 ], [ -42.1446532, -14.1598195 ], [ -42.1215003, -14.166881 ], [ -42.107263, -14.1623152 ], [ -41.9942865, -14.1672775 ], [ -42.0159925, -14.1188625 ], [ -42.0869901, -14.0568576 ], [ -42.0968905, -14.0468045 ], [ -42.1072742, -14.0162147 ], [ -42.1199231, -14.006053 ], [ -42.1350134, -13.97609 ], [ -42.1338227, -13.9588601 ], [ -42.1404343, -13.9520312 ], [ -42.1520824, -13.9275084 ], [ -42.1485618, -13.9119248 ], [ -42.1491858, -13.8634205 ], [ -42.1734798, -13.8456668 ], [ -42.1892286, -13.854046 ], [ -42.2135823, -13.8505426 ], [ -42.233151, -13.8338182 ], [ -42.2513328, -13.8014695 ], [ -42.2739186, -13.8035528 ], [ -42.2855181, -13.7855455 ], [ -42.3350437, -13.7725145 ], [ -42.3080771, -13.7482716 ], [ -42.2655075, -13.7288132 ], [ -42.2212559, -13.7000053 ], [ -42.170793, -13.6932521 ], [ -42.1368879, -13.7011356 ], [ -42.136903, -13.6850818 ], [ -42.1593399, -13.6665757 ], [ -42.1786758, -13.6600187 ], [ -42.1928264, -13.6683565 ], [ -42.203149, -13.6579358 ], [ -42.2176868, -13.6553336 ], [ -42.218409, -13.6453316 ], [ -42.2316494, -13.632177 ], [ -42.243853, -13.6351897 ], [ -42.2493807, -13.6118926 ], [ -42.2573646, -13.60756 ], [ -42.2798462, -13.6101266 ], [ -42.3004778, -13.6082806 ], [ -42.3105387, -13.6025603 ], [ -42.3196724, -13.6113851 ], [ -42.3386218, -13.6126145 ], [ -42.3350948, -13.6228556 ], [ -42.3479093, -13.6286249 ], [ -42.3584141, -13.6262912 ], [ -42.3522394, -13.6646009 ], [ -42.357712199999987, -13.6718583 ], [ -42.3517635, -13.6911319 ], [ -42.366471, -13.6988707 ], [ -42.387102, -13.6964209 ], [ -42.4023323, -13.6746595 ], [ -42.4140662, -13.6682414 ], [ -42.4323638, -13.6711763 ], [ -42.4550278, -13.6650444 ], [ -42.4698931, -13.675168 ], [ -42.4866955, -13.6739678 ], [ -42.4986826, -13.67791 ], [ -42.5179, -13.6768046 ], [ -42.535248, -13.6640937 ], [ -42.5362577, -13.6537084 ], [ -42.546491, -13.6483502 ], [ -42.5584944, -13.6533144 ], [ -42.5697582, -13.6295102 ], [ -42.5773843, -13.597016 ], [ -42.5956077, -13.6113304 ], [ -42.6063736, -13.6029377 ], [ -42.6337588, -13.6115307 ], [ -42.6358504, -13.623152 ], [ -42.6564446, -13.6280775 ], [ -42.6714602, -13.6270222 ], [ -42.6810283, -13.6193265 ], [ -42.6919357, -13.5968263 ], [ -42.6910791, -13.5896308 ], [ -42.6998257, -13.5658514 ], [ -42.7196945, -13.5627376 ], [ -42.7166766, -13.5318225 ], [ -42.7091784, -13.5298221 ], [ -42.7106347, -13.5030368 ], [ -42.695046, -13.4812992 ], [ -42.6842283, -13.4751846 ], [ -42.6865528, -13.4621538 ], [ -42.7175556, -13.4302006 ], [ -42.7474523, -13.4186829 ], [ -42.739877, -13.4077727 ], [ -42.7683326, -13.4048001 ], [ -42.7793721, -13.3856148 ], [ -42.781709899999989, -13.3640474 ], [ -42.7917723, -13.3628306 ], [ -42.7994892, -13.3528031 ], [ -42.912555, -13.2950886 ], [ -42.9262424, -13.2985934 ], [ -42.9475468, -13.2905224 ], [ -42.9564393, -13.3054559 ], [ -42.9600615, -13.3340575 ], [ -43.1165179, -13.3239092 ], [ -43.1294308, -13.4275963 ], [ -43.163065, -13.4415306 ], [ -43.1876611, -13.5190127 ], [ -43.2413235, -13.6103942 ], [ -43.3266093, -13.7247934 ], [ -43.4394639, -13.8761722 ], [ -43.4523782, -13.8751597 ], [ -43.4669486, -13.8662611 ], [ -43.4821032, -13.8507691 ], [ -43.4801174, -13.8323184 ], [ -43.490189, -13.8279379 ], [ -43.5156526, -13.7941754 ], [ -43.5292976, -13.7982059 ], [ -43.545124, -13.7934676 ], [ -43.5383954, -13.7735063 ], [ -43.5045146, -13.7425578 ], [ -43.4993336, -13.7333522 ], [ -43.4964668, -13.7101766 ], [ -43.4878698, -13.6915771 ], [ -43.4841082, -13.6583097 ], [ -43.4762949, -13.6434282 ], [ -43.4678496, -13.6077194 ], [ -43.4584657, -13.5965828 ], [ -43.4518254, -13.5676075 ], [ -43.4433337, -13.5606686 ], [ -43.4413392, -13.5454519 ], [ -43.4502896, -13.5424404 ], [ -43.4605233, -13.5621789 ], [ -43.4713376, -13.5689038 ], [ -43.5094922, -13.5755754 ], [ -43.5277791, -13.5916705 ], [ -43.5273984, -13.598333 ], [ -43.5567568, -13.644507 ], [ -43.5605562, -13.6587713 ], [ -43.5515688, -13.6912329 ], [ -43.5483541, -13.7122176 ], [ -43.5586232, -13.7367742 ], [ -43.5704997, -13.7483828 ], [ -43.5926129, -13.7632756 ], [ -43.5939909, -13.7806298 ], [ -43.5870509, -13.8122143 ], [ -43.6142902, -13.8374554 ], [ -43.6171824, -13.8486035 ], [ -43.6120816, -13.8625913 ], [ -43.613782, -13.8953741 ], [ -43.6243865, -13.91992 ], [ -43.6269951, -13.9601339 ], [ -43.64182, -13.9913963 ], [ -43.6530823, -14.0029711 ], [ -43.6586845, -14.0237389 ], [ -43.6572377, -14.0474539 ], [ -43.670585, -14.0908853 ], [ -43.6715662, -14.109126 ], [ -43.6850251, -14.1697618 ], [ -43.697262, -14.2097325 ], [ -43.7139182, -14.2420932 ], [ -43.7268204, -14.2527481 ], [ -43.7762439, -14.3319698 ], [ -43.7831867, -14.3392337 ] ] ] } },
{ "type": "Feature", "properties": { "name_micro": "ILHEUSITABUNA", "total_migrantes": 191, "populacao": 986004.0, "taxa_100k": 1.9371118169906003, "ano": 2025.0 }, "geometry": { "type": "Polygon", "coordinates": [ [ [ -39.5693758, -13.4773184 ], [ -39.5839597, -13.4792487 ], [ -39.6030329, -13.4673129 ], [ -39.6107089, -13.4774095 ], [ -39.6276776, -13.4827736 ], [ -39.6403351, -13.5051963 ], [ -39.6684483, -13.5357719 ], [ -39.6959096, -13.51547 ], [ -39.7042265, -13.5203573 ], [ -39.7268181, -13.5030556 ], [ -39.745643, -13.5035247 ], [ -39.7622759, -13.5111728 ], [ -39.7856397, -13.5281314 ], [ -39.791265, -13.5389256 ], [ -39.8135826, -13.5635682 ], [ -39.7927711, -13.5792767 ], [ -39.7960773, -13.5890518 ], [ -39.7767502, -13.6001243 ], [ -39.7760922, -13.61887 ], [ -39.7583954, -13.6367038 ], [ -39.7645969, -13.6462756 ], [ -39.759569, -13.6608214 ], [ -39.7396137, -13.695256 ], [ -39.7426182, -13.7002777 ], [ -39.7295296, -13.7222569 ], [ -39.7208802, -13.7436665 ], [ -39.740663499999989, -13.7742722 ], [ -39.7276176, -13.7706931 ], [ -39.7167813, -13.7850635 ], [ -39.7018625, -13.7854046 ], [ -39.6999464, -13.7986668 ], [ -39.6886967, -13.8078432 ], [ -39.6912462, -13.8227836 ], [ -39.7009455, -13.8354612 ], [ -39.6986683, -13.8485357 ], [ -39.7021645, -13.8636883 ], [ -39.6801903, -13.8723548 ], [ -39.6822508, -13.8824811 ], [ -39.7100514, -13.8994299 ], [ -39.7050487, -13.9095454 ], [ -39.7218512, -13.9278534 ], [ -39.7348823, -13.9318494 ], [ -39.7540267, -13.972249 ], [ -39.7544062, -13.986413 ], [ -39.7726183, -14.0003556 ], [ -39.7934823, -14.0113742 ], [ -39.7906544, -14.0373173 ], [ -39.8007786, -14.0528855 ], [ -39.793748, -14.0657708 ], [ -39.8082501, -14.0766474 ], [ -39.8274452, -14.0732108 ], [ -39.8309353, -14.0835609 ], [ -39.817176, -14.0987444 ], [ -39.8315098, -14.1194707 ], [ -39.8427157, -14.125058 ], [ -39.8598801, -14.1457066 ], [ -39.8892433, -14.1387277 ], [ -39.9008444, -14.1591711 ], [ -39.9003119, -14.1712328 ], [ -39.9146718, -14.1692582 ], [ -39.9202715, -14.1833577 ], [ -39.9742321, -14.1627133 ], [ -39.987676, -14.199698 ], [ -39.9843585, -14.2209419 ], [ -39.997196, -14.25889 ], [ -40.0054667, -14.2661748 ], [ -40.0020398, -14.2816508 ], [ -39.9823261, -14.321681 ], [ -39.9583437, -14.3534509 ], [ -39.9483333, -14.362948 ], [ -39.9333955, -14.3672646 ], [ -39.9077755, -14.3642811 ], [ -39.8906991, -14.3805542 ], [ -39.8717272, -14.3861063 ], [ -39.8549602, -14.3831939 ], [ -39.8496439, -14.3748431 ], [ -39.8250988, -14.3840883 ], [ -39.8041926, -14.3672817 ], [ -39.7901191, -14.3506165 ], [ -39.7796328, -14.3500975 ], [ -39.7644085, -14.3595046 ], [ -39.7432497, -14.3561453 ], [ -39.7415289, -14.371982 ], [ -39.7161479, -14.3677387 ], [ -39.6968077, -14.3694393 ], [ -39.7153313, -14.4156826 ], [ -39.7063028, -14.4251749 ], [ -39.7081304, -14.4518921 ], [ -39.7184546, -14.4841337 ], [ -39.7253451, -14.4900679 ], [ -39.7329612, -14.517018 ], [ -39.7310051, -14.5360391 ], [ -39.7347933, -14.5563965 ], [ -39.7156405, -14.5785682 ], [ -39.7232372, -14.5906018 ], [ -39.7188118, -14.598067 ], [ -39.7227865, -14.6163328 ], [ -39.7293484, -14.6203925 ], [ -39.7294087, -14.6378078 ], [ -39.736597599999989, -14.6522903 ], [ -39.7456329, -14.6585657 ], [ -39.7519486, -14.6846697 ], [ -39.751157, -14.6954417 ], [ -39.7583531, -14.7123281 ], [ -39.7506584, -14.7199591 ], [ -39.753312799999989, -14.7424994 ], [ -39.784987, -14.7303156 ], [ -39.7890347, -14.7416181 ], [ -39.8129315, -14.7512139 ], [ -39.822045, -14.7474537 ], [ -39.8309947, -14.7747709 ], [ -39.8507275, -14.785697 ], [ -39.8624485, -14.7861464 ], [ -39.8704205, -14.7993081 ], [ -39.8732246, -14.8168325 ], [ -39.8991657, -14.8248643 ], [ -39.9056631, -14.8111955 ], [ -39.9210475, -14.8466352 ], [ -39.9405383, -14.855552 ], [ -39.9379573, -14.8774762 ], [ -39.9443525, -14.9095267 ], [ -39.959190799999988, -14.9349222 ], [ -39.9681436, -14.9344961 ], [ -39.9765514, -14.9589132 ], [ -39.9103575, -15.0334392 ], [ -39.9120746, -15.0425801 ], [ -39.8964266, -15.0530034 ], [ -39.8918729, -15.097897 ], [ -39.895543, -15.101721 ], [ -39.8476861, -15.3110427 ], [ -39.8396376, -15.3173179 ], [ -39.809605, -15.3254129 ], [ -39.8071268, -15.34185 ], [ -39.7987319, -15.343176 ], [ -39.791758099999988, -15.355825 ], [ -39.7877806, -15.3749844 ], [ -39.7687007, -15.3829786 ], [ -39.7809939, -15.3973206 ], [ -39.7824176, -15.4097268 ], [ -39.7907552, -15.4240278 ], [ -39.8296756, -15.4592578 ], [ -39.8419453, -15.4824127 ], [ -39.8369872, -15.4989431 ], [ -39.8371378, -15.5152688 ], [ -39.8301792, -15.5317869 ], [ -39.8169601, -15.5301106 ], [ -39.8126866, -15.5379042 ], [ -39.7911059, -15.5419752 ], [ -39.7725001, -15.5584737 ], [ -39.7335691, -15.555808 ], [ -39.7131724, -15.5658338 ], [ -39.7091737, -15.5805812 ], [ -39.7142753, -15.590103 ], [ -39.6949664, -15.5997296 ], [ -39.6841615, -15.6155561 ], [ -39.695667, -15.6301448 ], [ -39.6772136, -15.637575 ], [ -39.6751247, -15.6218126 ], [ -39.6509976, -15.5907318 ], [ -39.6458822, -15.5940497 ], [ -39.6344795, -15.6182907 ], [ -39.616573, -15.6204447 ], [ -39.5979649, -15.6090561 ], [ -39.5849288, -15.5937551 ], [ -39.5745625, -15.5945382 ], [ -39.5496234, -15.6047046 ], [ -39.53233, -15.6185671 ], [ -39.5433511, -15.6433958 ], [ -39.544257, -15.6659637 ], [ -39.5357472, -15.6813352 ], [ -39.5389874, -15.7162293 ], [ -39.530914, -15.7305364 ], [ -39.5366347, -15.7518927 ], [ -39.5481432, -15.7610135 ], [ -39.569131, -15.7675255 ], [ -39.6003501, -15.7661409 ], [ -39.6216182, -15.773425 ], [ -39.634675, -15.7646704 ], [ -39.6357088, -15.7493046 ], [ -39.6478255, -15.7417818 ], [ -39.6632604, -15.7466936 ], [ -39.677122, -15.7649108 ], [ -39.714961, -15.7800269 ], [ -39.7324818, -15.7785737 ], [ -39.7487939, -15.8011147 ], [ -39.7647926, -15.8031977 ], [ -39.7878481, -15.8122792 ], [ -39.7951536, -15.8331752 ], [ -39.8166873, -15.8470061 ], [ -39.8150355, -15.8662795 ], [ -39.8360529, -15.8692753 ], [ -39.8880622, -15.8839771 ], [ -39.9109832, -15.8671251 ], [ -39.9202388, -15.8695813 ], [ -39.9278205, -15.8839254 ], [ -39.9471728, -15.8679741 ], [ -39.949223, -15.895442 ], [ -39.9329402, -15.9213098 ], [ -39.9183994, -15.9278381 ], [ -39.9082903, -15.9471666 ], [ -39.8881625, -15.9552532 ], [ -39.8709067, -15.9528224 ], [ -39.8514506, -15.9642747 ], [ -39.8433148, -15.9765811 ], [ -39.8141781, -15.9798133 ], [ -39.8032347, -15.9712233 ], [ -39.7853789, -15.968712 ], [ -39.7497651, -15.9718564 ], [ -39.6157703, -16.0072183 ], [ -39.608864, -16.0224192 ], [ -39.5564698, -16.0319802 ], [ -39.4864954, -16.0598817 ], [ -39.4683872, -16.0874465 ], [ -39.4695275, -16.0943713 ], [ -39.4330408, -16.0768142 ], [ -39.4260899, -16.08403 ], [ -39.4122439, -16.0827849 ], [ -39.3989455, -16.098826 ], [ -39.3689586, -16.1236363 ], [ -39.3030913, -16.1109936 ], [ -39.2794967, -16.1321865 ], [ -39.2302509, -16.091195 ], [ -39.1947162, -16.0733055 ], [ -39.1632883, -16.0660942 ], [ -39.1505194, -16.0522443 ], [ -38.9484078, -16.0923872 ], [ -38.9440512, -16.0728943 ], [ -38.9223086, -16.0186663 ], [ -38.9050441, -15.969934 ], [ -38.8528393, -15.8493541 ], [ -38.8539341, -15.835665 ], [ -38.8707662, -15.8140444 ], [ -38.894601, -15.7644432 ], [ -38.9115826, -15.7180011 ], [ -38.9173242, -15.7160037 ], [ -38.9348555, -15.6653903 ], [ -38.9382182, -15.6447601 ], [ -38.94047, -15.5976005 ], [ -38.9441581, -15.5918158 ], [ -38.9421675, -15.5394209 ], [ -38.9516766, -15.4691144 ], [ -38.9727812, -15.3880162 ], [ -38.9869439, -15.3006547 ], [ -38.9907516, -15.2881607 ], [ -38.99641, -15.2191758 ], [ -38.9949793, -15.1366626 ], [ -38.9964396, -15.0949077 ], [ -38.9965662, -15.002147 ], [ -38.9975905, -14.9867163 ], [ -39.006792, -14.9515307 ], [ -39.0180169, -14.9233543 ], [ -39.0217171, -14.8941609 ], [ -39.0241941, -14.8446423 ], [ -39.0242306, -14.8050079 ], [ -39.0277235, -14.7828511 ], [ -39.0379359, -14.7843239 ], [ -39.0556888, -14.7674254 ], [ -39.0621871, -14.7469531 ], [ -39.0650034, -14.7085157 ], [ -39.0652307, -14.6737298 ], [ -39.0616264, -14.6249854 ], [ -39.0350942, -14.531552 ], [ -39.0327279, -14.4875026 ], [ -39.0279308, -14.4758693 ], [ -39.0132043, -14.3974122 ], [ -39.0013175, -14.3459399 ], [ -38.9887276, -14.3085949 ], [ -38.9811276, -14.2984754 ], [ -38.9843837, -14.2749575 ], [ -38.9949362, -14.266368 ], [ -38.9940949, -14.2434022 ], [ -38.9888681, -14.21737 ], [ -38.9955491, -14.2334563 ], [ -39.0062098, -14.2267779 ], [ -39.0191897, -14.2295929 ], [ -39.0275519, -14.2473014 ], [ -39.0476578, -14.2520262 ], [ -39.073526, -14.2458196 ], [ -39.0932417, -14.2529428 ], [ -39.1192021, -14.2531375 ], [ -39.1373244, -14.2580751 ], [ -39.1378972, -14.2674209 ], [ -39.160593, -14.2749448 ], [ -39.2043469, -14.2714384 ], [ -39.2226815, -14.2642238 ], [ -39.2536854, -14.2799101 ], [ -39.2618147, -14.2905163 ], [ -39.2835799, -14.274822 ], [ -39.3032006, -14.266607 ], [ -39.3181376, -14.2783834 ], [ -39.323427, -14.2545772 ], [ -39.412988, -14.2362053 ], [ -39.4441881, -14.2415398 ], [ -39.447179, -14.2159383 ], [ -39.4438228, -14.1999027 ], [ -39.409496, -14.1866385 ], [ -39.3929446, -14.1761811 ], [ -39.372389, -14.1748823 ], [ -39.3461177, -14.1482842 ], [ -39.3489217, -14.1400109 ], [ -39.3432639, -14.1230902 ], [ -39.3495506, -14.1155593 ], [ -39.3331496, -14.1009348 ], [ -39.3303481, -14.0892404 ], [ -39.3397158, -14.0808167 ], [ -39.3466743, -14.0525285 ], [ -39.3553545, -14.0458948 ], [ -39.3655898, -14.0500178 ], [ -39.3716801, -14.0342631 ], [ -39.3828095, -14.0270982 ], [ -39.4043528, -14.0236616 ], [ -39.4049066, -13.9898552 ], [ -39.3913884, -13.9912689 ], [ -39.397068499999989, -13.9687862 ], [ -39.3934616, -13.951104 ], [ -39.3822161, -13.9420072 ], [ -39.3754581, -13.9145749 ], [ -39.400779799999988, -13.9094673 ], [ -39.4034593, -13.8943009 ], [ -39.413077799999989, -13.8885722 ], [ -39.4224642, -13.9061571 ], [ -39.4349833, -13.8935632 ], [ -39.4480502, -13.8916437 ], [ -39.4431891, -13.8682578 ], [ -39.4321844, -13.842911 ], [ -39.4331952, -13.8177826 ], [ -39.4387325, -13.8022641 ], [ -39.4205886, -13.7749349 ], [ -39.406401099999989, -13.7646029 ], [ -39.4025771, -13.7484376 ], [ -39.3918184, -13.7344172 ], [ -39.3957062, -13.7194666 ], [ -39.4306647, -13.7253182 ], [ -39.4397736, -13.7244744 ], [ -39.4467734, -13.6894934 ], [ -39.4244892, -13.6540861 ], [ -39.3970587, -13.6464891 ], [ -39.3684668, -13.6578883 ], [ -39.3535035, -13.6567807 ], [ -39.3601223, -13.6240179 ], [ -39.3518798, -13.5848257 ], [ -39.3743166, -13.5824131 ], [ -39.3710806, -13.5438656 ], [ -39.3920647, -13.5409182 ], [ -39.4077277, -13.5243138 ], [ -39.4443831, -13.5103388 ], [ -39.4660721, -13.5231627 ], [ -39.4955112, -13.5315539 ], [ -39.500362, -13.5173919 ], [ -39.5165034, -13.5049026 ], [ -39.5394192, -13.513015 ], [ -39.5502424, -13.495233 ], [ -39.5623788, -13.4959565 ], [ -39.5745469, -13.4877559 ], [ -39.5693758, -13.4773184 ] ] ] } },
{ "type": "Feature", "properties": { "name_micro": "IRECE", "total_migrantes": 0, "populacao": 403399.0, "taxa_100k": 0.0, "ano": 2025.0 }, "geometry": { "type": "Polygon", "coordinates": [ [ [ -41.8219723, -10.6976998 ], [ -41.9146539, -10.7793642 ], [ -42.0888947, -10.9328926 ], [ -42.0742308, -11.0274325 ], [ -42.0890672, -11.0222174 ], [ -42.145262, -11.0233062 ], [ -42.146161, -11.0472524 ], [ -42.1897145, -11.0748635 ], [ -42.2582794, -11.1423102 ], [ -42.2402901, -11.261235 ], [ -42.3259637, -11.2860507 ], [ -42.3415592, -11.2853547 ], [ -42.3457927, -11.2786012 ], [ -42.3791776, -11.2758827 ], [ -42.4264847, -11.2850425 ], [ -42.4403487, -11.265758 ], [ -42.4429497, -11.2454429 ], [ -42.4585353, -11.2240638 ], [ -42.451176, -11.2169125 ], [ -42.4760601, -11.1781218 ], [ -42.4750383, -11.171873 ], [ -42.486876, -11.1493162 ], [ -42.5024761, -11.1557322 ], [ -42.5092517, -11.1491129 ], [ -42.5167006, -11.1294316 ], [ -42.5113314, -11.1066421 ], [ -42.5001118, -11.0962761 ], [ -42.5113782, -11.0584366 ], [ -42.5227097, -11.0544663 ], [ -42.5253138, -11.0275307 ], [ -42.5161744, -11.0105928 ], [ -42.538200499999988, -11.0050284 ], [ -42.6201065, -11.0875401 ], [ -42.6273895, -11.0741237 ], [ -42.6248127, -11.0567041 ], [ -42.6365948, -11.0376258 ], [ -42.6510155, -11.035308 ], [ -42.6660205, -11.0250116 ], [ -42.6713211, -11.0146073 ], [ -42.6947475, -11.0070604 ], [ -42.7221923, -11.0033272 ], [ -42.7382499, -11.0060139 ], [ -42.762563, -11.0158009 ], [ -42.7548941, -11.0258564 ], [ -42.758018, -11.0438534 ], [ -42.7906001, -11.058313 ], [ -42.7707135, -11.0766723 ], [ -42.7660302, -11.0915596 ], [ -42.7856711, -11.117179 ], [ -42.8027841, -11.1278823 ], [ -42.8059394, -11.1421986 ], [ -42.8220304, -11.1411039 ], [ -42.8387807, -11.1594265 ], [ -42.8325401, -11.1985037 ], [ -42.8433515, -11.2201528 ], [ -42.8362473, -11.2337015 ], [ -42.8373641, -11.2712476 ], [ -42.8224613, -11.3076795 ], [ -42.9126198, -11.2772626 ], [ -42.8367685, -11.5273376 ], [ -42.8614507, -11.5413117 ], [ -42.8670921, -11.5573759 ], [ -42.8644641, -11.5990661 ], [ -42.833641, -11.6342988 ], [ -42.8138643, -11.6497437 ], [ -42.8048714, -11.6732101 ], [ -42.7713667, -11.6998126 ], [ -42.7440543, -11.704826 ], [ -42.7476343, -11.730765 ], [ -42.711267199999988, -11.7224249 ], [ -42.6805867, -11.7199168 ], [ -42.6618694, -11.7089955 ], [ -42.6432596, -11.7179372 ], [ -42.6056377, -11.7148941 ], [ -42.5989296, -11.7088333 ], [ -42.5821144, -11.7141334 ], [ -42.5652111, -11.7358934 ], [ -42.5387539, -11.7401412 ], [ -42.5049513, -11.7598818 ], [ -42.4876149, -11.7753728 ], [ -42.4721506, -11.7252347 ], [ -42.4562958, -11.740268 ], [ -42.4455608, -11.7554599 ], [ -42.4186168, -11.765033 ], [ -42.3916602, -11.7525471 ], [ -42.3765337, -11.7598314 ], [ -42.3635963, -11.7563285 ], [ -42.3618236, -11.7205961 ], [ -42.3519863, -11.7196775 ], [ -42.3385491, -11.7301992 ], [ -42.3364626, -11.7488966 ], [ -42.3105359, -11.7701172 ], [ -42.3020073, -11.7833938 ], [ -42.2918579, -11.8124147 ], [ -42.2943301, -11.8274558 ], [ -42.2865486, -11.8363822 ], [ -42.290976699999987, -11.8542174 ], [ -42.284717099999988, -11.8605915 ], [ -42.2818806, -11.8788682 ], [ -42.2740714, -11.8862985 ], [ -42.2547474, -11.9230842 ], [ -42.2466076, -11.9467799 ], [ -42.2359454, -11.9596297 ], [ -42.2318152, -11.9729336 ], [ -42.242021, -12.0057075 ], [ -42.2356918, -12.0224351 ], [ -42.2460325, -12.047036 ], [ -42.2183358, -12.0705587 ], [ -42.0772193, -12.2466938 ], [ -42.1631738, -12.2380053 ], [ -42.1509081, -12.2475437 ], [ -42.139308, -12.267633 ], [ -42.1241208, -12.2776792 ], [ -42.1249612, -12.2865722 ], [ -42.1141924, -12.3065473 ], [ -42.1083634, -12.308225 ], [ -42.09856, -12.2915687 ], [ -42.039818, -12.2911217 ], [ -42.0497151, -12.272472 ], [ -42.0582812, -12.2451082 ], [ -42.056267, -12.2204984 ], [ -42.0424336, -12.2243999 ], [ -42.0292348, -12.2343582 ], [ -41.9848722, -12.2914472 ], [ -41.9681123, -12.2658948 ], [ -41.9784831, -12.2552742 ], [ -41.98906, -12.2317951 ], [ -41.987261, -12.2254007 ], [ -41.9673807, -12.2233678 ], [ -41.9713284, -12.2020201 ], [ -41.9668485, -12.1876206 ], [ -41.9687425, -12.1679581 ], [ -41.9773643, -12.1539315 ], [ -41.9688601, -12.1412636 ], [ -41.9765514, -12.1072173 ], [ -41.9697822, -12.0922403 ], [ -41.9612806, -12.0915199 ], [ -41.952068, -12.1018887 ], [ -41.941907, -12.0978711 ], [ -41.9364784, -12.1115278 ], [ -41.9159672, -12.1063833 ], [ -41.9071694, -12.1151718 ], [ -41.8895864, -12.1234315 ], [ -41.796198, -12.1587907 ], [ -41.7833645, -12.1606041 ], [ -41.7690007, -12.1949795 ], [ -41.7518021, -12.2149365 ], [ -41.7428051, -12.2368305 ], [ -41.7651352, -12.272596 ], [ -41.7565426, -12.3062465 ], [ -41.7419597, -12.3226389 ], [ -41.7444525, -12.3285893 ], [ -41.7287119, -12.3691687 ], [ -41.6658261, -12.3826568 ], [ -41.6184207, -12.3802935 ], [ -41.54061, -12.3569946 ], [ -41.525132, -12.3570158 ], [ -41.5177133, -12.3719556 ], [ -41.5084126, -12.3746157 ], [ -41.4789845, -12.3707267 ], [ -41.452498, -12.3827059 ], [ -41.4481589, -12.4064581 ], [ -41.4414762, -12.4132056 ], [ -41.4250499, -12.378312 ], [ -41.4356121, -12.3542446 ], [ -41.4252133, -12.3439473 ], [ -41.4330152, -12.3366128 ], [ -41.4421887, -12.3098687 ], [ -41.4379524, -12.2933355 ], [ -41.4422613, -12.2833646 ], [ -41.4345287, -12.2645007 ], [ -41.4163183, -12.2550992 ], [ -41.4115527, -12.2468786 ], [ -41.4152387, -12.2234408 ], [ -41.4037843, -12.217797 ], [ -41.4001688, -12.2000178 ], [ -41.3548676, -12.1683991 ], [ -41.3582063, -12.1515435 ], [ -41.3650736, -12.1471032 ], [ -41.3715996, -12.1187441 ], [ -41.36823, -12.0829587 ], [ -41.3934481, -12.0764011 ], [ -41.4077271, -12.0478126 ], [ -41.4024617, -12.0377539 ], [ -41.4157299, -12.0199043 ], [ -41.4166127, -11.9980168 ], [ -41.4447086, -11.9861146 ], [ -41.4556563, -11.969639 ], [ -41.4481586, -11.9469729 ], [ -41.4255465, -11.9341421 ], [ -41.430593, -11.9253106 ], [ -41.4210111, -11.9089614 ], [ -41.4226243, -11.8716596 ], [ -41.4156007, -11.8589989 ], [ -41.3989078, -11.8127686 ], [ -41.3930445, -11.7715748 ], [ -41.3816069, -11.7543098 ], [ -41.3692322, -11.7118074 ], [ -41.3642744, -11.7012918 ], [ -41.3757169, -11.6937515 ], [ -41.4351552, -11.6355478 ], [ -41.5574949, -11.5587939 ], [ -41.5417665, -11.5560178 ], [ -41.5444873, -11.5424435 ], [ -41.5359912, -11.5350482 ], [ -41.5222402, -11.5379275 ], [ -41.5100432, -11.5298216 ], [ -41.4970978, -11.5054716 ], [ -41.4851789, -11.5043675 ], [ -41.4570082, -11.469949 ], [ -41.446449799999989, -11.4697919 ], [ -41.4313132, -11.4490257 ], [ -41.4043325, -11.4459406 ], [ -41.3988355, -11.4224576 ], [ -41.3924394, -11.4169108 ], [ -41.3869438, -11.3901732 ], [ -41.3888148, -11.3618204 ], [ -41.3775848, -11.3495763 ], [ -41.3814636, -11.3377134 ], [ -41.3733011, -11.3314092 ], [ -41.378585, -11.3033009 ], [ -41.3669001, -11.2900212 ], [ -41.3642163, -11.2715246 ], [ -41.3721068, -11.2697158 ], [ -41.3559622, -11.2279707 ], [ -41.3658767, -11.2137117 ], [ -41.3646115, -11.1818989 ], [ -41.3685062, -11.1429107 ], [ -41.3761381, -11.1406535 ], [ -41.3952242, -11.1031644 ], [ -41.3958158, -11.0770647 ], [ -41.4083921, -11.0695131 ], [ -41.4368959, -11.022101 ], [ -41.4273404, -10.994105 ], [ -41.4384125, -10.9773976 ], [ -41.4612894, -10.9761716 ], [ -41.4818371, -10.9876929 ], [ -41.5015036, -10.9776346 ], [ -41.5084192, -10.9689755 ], [ -41.5398324, -10.9678757 ], [ -41.5615397, -10.9408057 ], [ -41.5626158, -10.9206305 ], [ -41.5673789, -10.9037117 ], [ -41.5891837, -10.8845401 ], [ -41.605468, -10.8774396 ], [ -41.6234014, -10.8645011 ], [ -41.6407446, -10.8564522 ], [ -41.6573742, -10.8380131 ], [ -41.6554898, -10.8235218 ], [ -41.6627561, -10.8112044 ], [ -41.6734025, -10.8106343 ], [ -41.6952465, -10.79331 ], [ -41.7049555, -10.7671275 ], [ -41.711131, -10.7617702 ], [ -41.7139222, -10.7415271 ], [ -41.7319895, -10.7146075 ], [ -41.7444813, -10.7081265 ], [ -41.7690817, -10.7221523 ], [ -41.8219723, -10.6976998 ] ] ] } },
{ "type": "Feature", "properties": { "name_micro": "ITABERABA", "total_migrantes": 0, "populacao": 243250.0, "taxa_100k": 0.0, "ano": 2025.0 }, "geometry": { "type": "Polygon", "coordinates": [ [ [ -39.9685841, -11.4908669 ], [ -39.9810392, -11.4912957 ], [ -39.9933662, -11.5032072 ], [ -40.0042626, -11.4997572 ], [ -40.0289894, -11.5103093 ], [ -40.0291988, -11.5227644 ], [ -40.0537906, -11.5224421 ], [ -40.065494, -11.5283194 ], [ -40.0803633, -11.5280367 ], [ -40.0951024, -11.5388954 ], [ -40.1063167, -11.5387137 ], [ -40.1206821, -11.5222345 ], [ -40.1339337, -11.51974 ], [ -40.1485324, -11.5250555 ], [ -40.1574198, -11.5217109 ], [ -40.2187792, -11.555055 ], [ -40.2302911, -11.567985 ], [ -40.2277879, -11.5888368 ], [ -40.2347292, -11.6097286 ], [ -40.248956, -11.5997155 ], [ -40.26914, -11.608624 ], [ -40.2964451, -11.6054441 ], [ -40.3228708, -11.6103078 ], [ -40.3299103, -11.5986491 ], [ -40.3395801, -11.5995004 ], [ -40.3742449, -11.6164139 ], [ -40.3858756, -11.6340491 ], [ -40.3832738, -11.6418751 ], [ -40.4012382, -11.6480465 ], [ -40.4097794, -11.6624732 ], [ -40.436859, -11.6915207 ], [ -40.449779, -11.6986577 ], [ -40.4335592, -11.7469765 ], [ -40.439244699999989, -11.7599822 ], [ -40.4475932, -11.7606469 ], [ -40.4592916, -11.7863257 ], [ -40.4716339, -11.8032434 ], [ -40.4873821, -11.8050989 ], [ -40.4844294, -11.824598 ], [ -40.5812075, -11.8332522 ], [ -40.6152097, -11.8349283 ], [ -40.6249817, -11.8462014 ], [ -40.6491738, -11.8367302 ], [ -40.6569088, -11.8113954 ], [ -40.6656903, -11.795189 ], [ -40.6988078, -11.7975559 ], [ -40.7581354, -11.7774916 ], [ -40.779992, -11.7750363 ], [ -40.7978766, -11.7637383 ], [ -40.8011674, -11.7429214 ], [ -40.8257326, -11.7583995 ], [ -40.8307588, -11.7660082 ], [ -40.8493521, -11.7763371 ], [ -40.8639461, -11.7651299 ], [ -40.8848178, -11.7576266 ], [ -40.886838, -11.7691407 ], [ -40.8974541, -11.790743 ], [ -40.9015909, -11.8107513 ], [ -40.9258296, -11.8111273 ], [ -40.9420191, -11.8188265 ], [ -40.9594937, -11.8433602 ], [ -40.9600491, -11.8603806 ], [ -40.9741131, -11.8888012 ], [ -40.9371024, -11.9294258 ], [ -40.8995551, -11.9781445 ], [ -40.8970771, -11.9902822 ], [ -40.9089697, -12.0595765 ], [ -40.8735935, -12.1257414 ], [ -40.8940104, -12.1549166 ], [ -40.9721215, -12.1290508 ], [ -40.9972642, -12.1486808 ], [ -41.0408782, -12.1476004 ], [ -41.0490682, -12.1816837 ], [ -41.0407715, -12.2111488 ], [ -41.0347634, -12.2131119 ], [ -41.0151923, -12.2418439 ], [ -40.9996663, -12.2526704 ], [ -40.9886732, -12.2533486 ], [ -40.9834896, -12.2626081 ], [ -41.061353, -12.2653157 ], [ -41.0627597, -12.2849377 ], [ -41.1485836, -12.3763541 ], [ -41.158603, -12.3860004 ], [ -41.1448378, -12.3934811 ], [ -41.16102, -12.4183543 ], [ -41.1590119, -12.4252621 ], [ -41.169669, -12.4476714 ], [ -41.20444, -12.4772457 ], [ -41.2002533, -12.4964491 ], [ -41.1744904, -12.4955668 ], [ -41.1005539, -12.4730665 ], [ -41.0837601, -12.4654765 ], [ -41.0519293, -12.4755901 ], [ -41.010214, -12.4672996 ], [ -40.996148, -12.4592727 ], [ -40.9809539, -12.4604409 ], [ -40.9635696, -12.4932257 ], [ -40.9774411, -12.5168632 ], [ -40.9828721, -12.5576541 ], [ -40.9785057, -12.5658837 ], [ -41.0074422, -12.6211097 ], [ -40.9833653, -12.7006448 ], [ -40.9821419, -12.736959 ], [ -40.9738921, -12.7640572 ], [ -40.9720242, -12.7892893 ], [ -40.9673314, -12.7930407 ], [ -41.0199753, -12.9153972 ], [ -41.0102028, -12.9114655 ], [ -40.9971842, -12.9199711 ], [ -40.9903425, -12.9125345 ], [ -40.9765848, -12.9274573 ], [ -40.9889446, -12.9462355 ], [ -40.9846448, -12.9549366 ], [ -40.9943277, -12.9715262 ], [ -40.9848818, -12.9769432 ], [ -40.9676322, -12.9720786 ], [ -40.9588992, -12.9770413 ], [ -40.9597863, -13.0092288 ], [ -40.945256099999987, -13.0382402 ], [ -40.9139487, -13.0284046 ], [ -40.8880513, -13.0059474 ], [ -40.8766918, -13.0040445 ], [ -40.8525054, -13.0183001 ], [ -40.8365231, -13.015403 ], [ -40.8089372, -13.0341941 ], [ -40.7941855, -13.0362314 ], [ -40.7862889, -13.04406 ], [ -40.7724049, -13.0370577 ], [ -40.7510203, -13.0435436 ], [ -40.7382106, -13.0387399 ], [ -40.7279956, -13.0252314 ], [ -40.7152479, -13.0172799 ], [ -40.701144299999989, -13.0237322 ], [ -40.6841161, -13.0230904 ], [ -40.679623, -13.0165585 ], [ -40.6538673, -13.0006921 ], [ -40.6319596, -12.9972667 ], [ -40.6267515, -13.0010241 ], [ -40.6037673, -12.9983478 ], [ -40.6011057, -13.0055826 ], [ -40.5760263, -13.0033397 ], [ -40.5464642, -12.9913163 ], [ -40.5325258, -12.9792835 ], [ -40.522225, -12.9589109 ], [ -40.5050436, -12.9454636 ], [ -40.4856461, -12.958719 ], [ -40.4718329, -12.9998944 ], [ -40.4562911, -13.0158808 ], [ -40.45083, -13.0367271 ], [ -40.436588, -13.0473762 ], [ -40.4229655, -13.0731771 ], [ -40.4110544, -13.0879634 ], [ -40.4010036, -13.0662628 ], [ -40.3771043, -13.0791261 ], [ -40.3596152, -13.0840516 ], [ -40.3386405, -13.0811884 ], [ -40.3457953, -13.0619882 ], [ -40.3436024, -13.0549914 ], [ -40.3206799, -13.0402152 ], [ -40.3058097, -13.043417 ], [ -40.1991753, -13.048685 ], [ -40.1989867, -13.0381146 ], [ -40.1903493, -13.0284064 ], [ -40.1733008, -13.0208403 ], [ -40.1440151, -12.9823025 ], [ -40.1306645, -12.981676 ], [ -40.1125795, -12.9883066 ], [ -40.1050702, -12.9837301 ], [ -40.0745333, -12.9887588 ], [ -40.0673418, -12.992631 ], [ -40.05284, -12.9850225 ], [ -40.0327603, -12.9848436 ], [ -40.0111517, -12.9757796 ], [ -39.9911395, -12.9631873 ], [ -39.9881075, -12.9306306 ], [ -39.8998045, -12.8746445 ], [ -39.9281213, -12.8170832 ], [ -39.894195599999989, -12.7533925 ], [ -39.8556988, -12.7956004 ], [ -39.7973021, -12.7049371 ], [ -39.8059087, -12.6864565 ], [ -39.7870254, -12.6149462 ], [ -39.7918119, -12.5576306 ], [ -39.8038382, -12.5369426 ], [ -39.8260881, -12.5349717 ], [ -39.853547299999988, -12.5124188 ], [ -39.882385, -12.5167718 ], [ -39.892890099999988, -12.5239338 ], [ -39.9081229, -12.517462 ], [ -39.9256899, -12.5216021 ], [ -39.9338893, -12.5148537 ], [ -39.9395637, -12.4837513 ], [ -39.9654013, -12.4757828 ], [ -39.9750985, -12.4666156 ], [ -39.9868769, -12.4296204 ], [ -40.0214647, -12.4033098 ], [ -40.0269851, -12.381764 ], [ -40.0512969, -12.3552402 ], [ -40.0606218, -12.3410835 ], [ -40.0738437, -12.3431403 ], [ -40.0928133, -12.3253974 ], [ -40.1085416, -12.3257861 ], [ -40.1245199, -12.3131828 ], [ -40.1329034, -12.3001319 ], [ -40.1331576, -12.2806787 ], [ -40.140482, -12.2467295 ], [ -40.0903727, -12.2028084 ], [ -40.0504625, -12.1960238 ], [ -40.0452895, -12.1805194 ], [ -40.0327759, -12.1712361 ], [ -40.0393036, -12.1550329 ], [ -40.0321, -12.1500022 ], [ -40.0342217, -12.1230294 ], [ -40.0285057, -12.1128323 ], [ -40.031084, -12.0960498 ], [ -40.025224, -12.070998 ], [ -40.0285189, -12.0551704 ], [ -39.9712479, -12.0545168 ], [ -39.9723336, -12.0324956 ], [ -39.9620029, -12.0223782 ], [ -39.9657463, -11.9843947 ], [ -39.9551134, -11.9620251 ], [ -39.9814459, -11.9490464 ], [ -39.9956752, -11.9374531 ], [ -40.0032106, -11.9374381 ], [ -40.0103825, -11.9201347 ], [ -40.0282958, -11.9037099 ], [ -40.0474986, -11.8712308 ], [ -40.0373959, -11.854815 ], [ -40.0385677, -11.8320878 ], [ -40.0277968, -11.8365026 ], [ -40.015479, -11.8295483 ], [ -40.0240544, -11.8137967 ], [ -40.019212, -11.8062467 ], [ -39.9961595, -11.8013245 ], [ -39.9984799, -11.7798445 ], [ -39.9707858, -11.7554085 ], [ -39.9436472, -11.7425218 ], [ -39.9085779, -11.7205959 ], [ -39.9080292, -11.7070503 ], [ -39.9189229, -11.6903004 ], [ -39.9255327, -11.6674613 ], [ -39.9389613, -11.6578273 ], [ -39.9473696, -11.6582844 ], [ -39.9625116, -11.6228103 ], [ -39.9583663, -11.6150763 ], [ -39.9604311, -11.558207 ], [ -39.9685841, -11.4908669 ] ] ] } },
{ "type": "Feature", "properties": { "name_micro": "ITAPETINGA", "total_migrantes": 0, "populacao": 200053.0, "taxa_100k": 0.0, "ano": 2025.0 }, "geometry": { "type": "Polygon", "coordinates": [ [ [ -39.9765514, -14.9589132 ], [ -39.9834473, -14.969257 ], [ -39.994123099999989, -14.9726538 ], [ -40.0153411, -14.9658576 ], [ -40.025396, -14.9581666 ], [ -40.0502075, -14.9543856 ], [ -40.0562305, -14.9784771 ], [ -40.0729648, -15.0043274 ], [ -40.0849362, -15.0044681 ], [ -40.091497, -15.0156097 ], [ -40.0827234, -15.0286147 ], [ -40.1021533, -15.0447885 ], [ -40.1148671, -15.0354229 ], [ -40.123068, -15.0208651 ], [ -40.1327524, -15.0153038 ], [ -40.1394967, -15.0245396 ], [ -40.1526332, -15.0242305 ], [ -40.1551125, -15.009821 ], [ -40.181885, -15.0098247 ], [ -40.2063157, -15.0252756 ], [ -40.2193474, -15.022649 ], [ -40.2329911, -15.031341 ], [ -40.2488827, -15.0292231 ], [ -40.2361613, -15.0482597 ], [ -40.2519578, -15.0501332 ], [ -40.2536351, -15.0633976 ], [ -40.2642984, -15.0733928 ], [ -40.3021517, -15.0883091 ], [ -40.3301924, -15.082179 ], [ -40.3381479, -15.1008683 ], [ -40.3596501, -15.103737 ], [ -40.3721733, -15.093955 ], [ -40.3825604, -15.0952537 ], [ -40.4169331, -15.0802005 ], [ -40.4223421, -15.0646792 ], [ -40.4196571, -15.0524367 ], [ -40.4240423, -15.0381669 ], [ -40.4462189, -15.0426879 ], [ -40.4658256, -15.0313617 ], [ -40.4825606, -15.0383972 ], [ -40.4902434, -15.0471936 ], [ -40.5132766, -15.05595 ], [ -40.5246348, -15.0360649 ], [ -40.5508936, -15.0371088 ], [ -40.7018468, -15.0763613 ], [ -40.8198862, -15.2026758 ], [ -40.8475777, -15.26941 ], [ -40.8171477, -15.283488 ], [ -40.820348599999988, -15.3040528 ], [ -40.8354781, -15.2975598 ], [ -40.8817676, -15.2934646 ], [ -40.9062846, -15.3090713 ], [ -40.9061093, -15.3203451 ], [ -40.9336843, -15.3389709 ], [ -40.9342957, -15.3521671 ], [ -40.941397, -15.3588746 ], [ -40.9332586, -15.3715115 ], [ -40.933690899999988, -15.4196198 ], [ -40.9261248, -15.422749 ], [ -40.9356499, -15.4444241 ], [ -40.9493018, -15.4496459 ], [ -40.9557413, -15.4651028 ], [ -40.9753704, -15.4758163 ], [ -41.0025735, -15.4783143 ], [ -41.020057799999989, -15.470098 ], [ -41.0343579, -15.4727519 ], [ -41.0314863, -15.4832692 ], [ -41.0470007, -15.4975124 ], [ -41.0521583, -15.5090232 ], [ -41.0792698, -15.5127148 ], [ -41.0912471, -15.5187601 ], [ -41.1324526, -15.5244052 ], [ -41.1385046, -15.5350124 ], [ -41.1740493, -15.5360394 ], [ -41.1822831, -15.5245026 ], [ -41.2023064, -15.506755 ], [ -41.2026067, -15.4939697 ], [ -41.2139064, -15.4953605 ], [ -41.2242101, -15.5096882 ], [ -41.2438243, -15.5093283 ], [ -41.2566606, -15.5145668 ], [ -41.2851142, -15.5127533 ], [ -41.3047084, -15.5085465 ], [ -41.3179685, -15.5126573 ], [ -41.3364591, -15.4977817 ], [ -41.3500711, -15.5008848 ], [ -41.3619194, -15.4950281 ], [ -41.3564227, -15.5002861 ], [ -41.3312061, -15.7446734 ], [ -41.3047316, -15.7434334 ], [ -41.2929477, -15.7390055 ], [ -41.2685617, -15.748704 ], [ -41.2534985, -15.7469257 ], [ -41.2373904, -15.7375113 ], [ -41.2153964, -15.7371659 ], [ -41.1997733, -15.7489197 ], [ -41.1665348, -15.7610995 ], [ -41.1562845, -15.7613763 ], [ -41.142530199999989, -15.772047 ], [ -41.1330064, -15.752786 ], [ -41.1215557, -15.7430118 ], [ -41.0981309, -15.7410515 ], [ -41.0828339, -15.7286657 ], [ -41.0787479, -15.7199131 ], [ -41.0484153, -15.72387 ], [ -41.0362729, -15.7138165 ], [ -41.0060594, -15.7138373 ], [ -40.9780972, -15.6881049 ], [ -40.9772806, -15.6753088 ], [ -40.9631251, -15.6484003 ], [ -40.9465545, -15.6567024 ], [ -40.9265332, -15.6560545 ], [ -40.9143317, -15.6609776 ], [ -40.9025697, -15.6918421 ], [ -40.8815569, -15.6944708 ], [ -40.8413611, -15.6825382 ], [ -40.8307269, -15.6686414 ], [ -40.8323583, -15.6541197 ], [ -40.8190283, -15.6463421 ], [ -40.7946969, -15.6643778 ], [ -40.7803371, -15.680198 ], [ -40.7859479, -15.6922641 ], [ -40.7782527, -15.7076917 ], [ -40.7676637, -15.7140794 ], [ -40.7415066, -15.704731 ], [ -40.7438141, -15.684015 ], [ -40.7321546, -15.674899 ], [ -40.7005752, -15.667309 ], [ -40.6814493, -15.6997341 ], [ -40.6620841, -15.7068756 ], [ -40.6470299, -15.7266586 ], [ -40.6375175, -15.7302839 ], [ -40.6260312, -15.7182097 ], [ -40.6141543, -15.7351101 ], [ -40.6010286, -15.7434102 ], [ -40.6039498, -15.7592933 ], [ -40.592614, -15.7623164 ], [ -40.5912409, -15.7725302 ], [ -40.578571, -15.7725555 ], [ -40.5611035, -15.8036149 ], [ -40.542048, -15.7951758 ], [ -40.5182812, -15.7975104 ], [ -40.519222, -15.7827925 ], [ -40.5063082, -15.7669015 ], [ -40.4946628, -15.7658791 ], [ -40.4841247, -15.7757966 ], [ -40.4755152, -15.7713116 ], [ -40.4614286, -15.7532317 ], [ -40.4324702, -15.7786532 ], [ -40.4250338, -15.8057084 ], [ -40.3779678, -15.8184217 ], [ -40.3567198, -15.8130148 ], [ -40.3426957, -15.8175815 ], [ -40.2944057, -15.8166124 ], [ -40.2835436, -15.8083163 ], [ -40.2711627, -15.817313 ], [ -40.2625828, -15.8088282 ], [ -40.2375823, -15.8050556 ], [ -40.2294404, -15.8086974 ], [ -40.2188309, -15.8357793 ], [ -40.2068626, -15.8544844 ], [ -40.1926577, -15.8577511 ], [ -40.1739661, -15.8704902 ], [ -40.1661042, -15.8683772 ], [ -40.165833, -15.8940676 ], [ -40.1754034, -15.9039917 ], [ -40.1598262, -15.9084649 ], [ -40.1484115, -15.9050246 ], [ -40.1295205, -15.9081013 ], [ -40.1170523, -15.9034989 ], [ -40.1102162, -15.91258 ], [ -40.097358299999989, -15.9082387 ], [ -40.0748468, -15.9200533 ], [ -40.0661332, -15.9397648 ], [ -40.0665436, -15.9591893 ], [ -40.0457735, -15.9623563 ], [ -40.0439381, -15.9738921 ], [ -40.0281615, -15.9855795 ], [ -40.0136907, -15.9840065 ], [ -40.0044365, -16.0018382 ], [ -39.9932737, -15.9963533 ], [ -39.980264, -16.0055608 ], [ -39.963573499999988, -16.004448 ], [ -39.9576014, -15.9920204 ], [ -39.9239802, -15.9950613 ], [ -39.9147979, -15.9999934 ], [ -39.8640329, -15.9959892 ], [ -39.8575436, -15.9841978 ], [ -39.8433148, -15.9765811 ], [ -39.8514506, -15.9642747 ], [ -39.8709067, -15.9528224 ], [ -39.8881625, -15.9552532 ], [ -39.9082903, -15.9471666 ], [ -39.9183994, -15.9278381 ], [ -39.9329402, -15.9213098 ], [ -39.949223, -15.895442 ], [ -39.9471728, -15.8679741 ], [ -39.9278205, -15.8839254 ], [ -39.9202388, -15.8695813 ], [ -39.9109832, -15.8671251 ], [ -39.8880622, -15.8839771 ], [ -39.8360529, -15.8692753 ], [ -39.8150355, -15.8662795 ], [ -39.8166873, -15.8470061 ], [ -39.7951536, -15.8331752 ], [ -39.7878481, -15.8122792 ], [ -39.7647926, -15.8031977 ], [ -39.7487939, -15.8011147 ], [ -39.7324818, -15.7785737 ], [ -39.714961, -15.7800269 ], [ -39.677122, -15.7649108 ], [ -39.6632604, -15.7466936 ], [ -39.6478255, -15.7417818 ], [ -39.6357088, -15.7493046 ], [ -39.634675, -15.7646704 ], [ -39.6216182, -15.773425 ], [ -39.6003501, -15.7661409 ], [ -39.569131, -15.7675255 ], [ -39.5481432, -15.7610135 ], [ -39.5366347, -15.7518927 ], [ -39.530914, -15.7305364 ], [ -39.5389874, -15.7162293 ], [ -39.5357472, -15.6813352 ], [ -39.544257, -15.6659637 ], [ -39.5433511, -15.6433958 ], [ -39.53233, -15.6185671 ], [ -39.5496234, -15.6047046 ], [ -39.5745625, -15.5945382 ], [ -39.5849288, -15.5937551 ], [ -39.5979649, -15.6090561 ], [ -39.616573, -15.6204447 ], [ -39.6344795, -15.6182907 ], [ -39.6458822, -15.5940497 ], [ -39.6509976, -15.5907318 ], [ -39.6751247, -15.6218126 ], [ -39.6772136, -15.637575 ], [ -39.695667, -15.6301448 ], [ -39.6841615, -15.6155561 ], [ -39.6949664, -15.5997296 ], [ -39.7142753, -15.590103 ], [ -39.7091737, -15.5805812 ], [ -39.7131724, -15.5658338 ], [ -39.7335691, -15.555808 ], [ -39.7725001, -15.5584737 ], [ -39.7911059, -15.5419752 ], [ -39.8126866, -15.5379042 ], [ -39.8169601, -15.5301106 ], [ -39.8301792, -15.5317869 ], [ -39.8371378, -15.5152688 ], [ -39.8369872, -15.4989431 ], [ -39.8419453, -15.4824127 ], [ -39.8296756, -15.4592578 ], [ -39.7907552, -15.4240278 ], [ -39.7824176, -15.4097268 ], [ -39.7809939, -15.3973206 ], [ -39.7687007, -15.3829786 ], [ -39.7877806, -15.3749844 ], [ -39.791758099999988, -15.355825 ], [ -39.7987319, -15.343176 ], [ -39.8071268, -15.34185 ], [ -39.809605, -15.3254129 ], [ -39.8396376, -15.3173179 ], [ -39.8476861, -15.3110427 ], [ -39.895543, -15.101721 ], [ -39.8918729, -15.097897 ], [ -39.8964266, -15.0530034 ], [ -39.9120746, -15.0425801 ], [ -39.9103575, -15.0334392 ], [ -39.9765514, -14.9589132 ] ] ] } },
{ "type": "Feature", "properties": { "name_micro": "JACOBINA", "total_migrantes": 0, "populacao": 347068.0, "taxa_100k": 0.0, "ano": 2025.0 }, "geometry": { "type": "Polygon", "coordinates": [ [ [ -40.8970771, -11.9902822 ], [ -40.8995551, -11.9781445 ], [ -40.9371024, -11.9294258 ], [ -40.9741131, -11.8888012 ], [ -40.9600491, -11.8603806 ], [ -40.9594937, -11.8433602 ], [ -40.9420191, -11.8188265 ], [ -40.9258296, -11.8111273 ], [ -40.9015909, -11.8107513 ], [ -40.8974541, -11.790743 ], [ -40.886838, -11.7691407 ], [ -40.8848178, -11.7576266 ], [ -40.8639461, -11.7651299 ], [ -40.8493521, -11.7763371 ], [ -40.8307588, -11.7660082 ], [ -40.8257326, -11.7583995 ], [ -40.8011674, -11.7429214 ], [ -40.7978766, -11.7637383 ], [ -40.779992, -11.7750363 ], [ -40.7581354, -11.7774916 ], [ -40.6988078, -11.7975559 ], [ -40.6656903, -11.795189 ], [ -40.6569088, -11.8113954 ], [ -40.6491738, -11.8367302 ], [ -40.6249817, -11.8462014 ], [ -40.6152097, -11.8349283 ], [ -40.5812075, -11.8332522 ], [ -40.4844294, -11.824598 ], [ -40.4873821, -11.8050989 ], [ -40.4716339, -11.8032434 ], [ -40.4592916, -11.7863257 ], [ -40.4475932, -11.7606469 ], [ -40.439244699999989, -11.7599822 ], [ -40.4335592, -11.7469765 ], [ -40.449779, -11.6986577 ], [ -40.436859, -11.6915207 ], [ -40.4097794, -11.6624732 ], [ -40.4012382, -11.6480465 ], [ -40.3832738, -11.6418751 ], [ -40.3858756, -11.6340491 ], [ -40.3742449, -11.6164139 ], [ -40.3395801, -11.5995004 ], [ -40.3299103, -11.5986491 ], [ -40.3228708, -11.6103078 ], [ -40.2964451, -11.6054441 ], [ -40.26914, -11.608624 ], [ -40.248956, -11.5997155 ], [ -40.2347292, -11.6097286 ], [ -40.2277879, -11.5888368 ], [ -40.2302911, -11.567985 ], [ -40.2187792, -11.555055 ], [ -40.1574198, -11.5217109 ], [ -40.1485324, -11.5250555 ], [ -40.1339337, -11.51974 ], [ -40.1206821, -11.5222345 ], [ -40.1063167, -11.5387137 ], [ -40.0951024, -11.5388954 ], [ -40.0803633, -11.5280367 ], [ -40.065494, -11.5283194 ], [ -40.0537906, -11.5224421 ], [ -40.0291988, -11.5227644 ], [ -40.0289894, -11.5103093 ], [ -40.0042626, -11.4997572 ], [ -39.9933662, -11.5032072 ], [ -39.9810392, -11.4912957 ], [ -39.9685841, -11.4908669 ], [ -39.9344738, -11.4798117 ], [ -39.9310765, -11.4950142 ], [ -39.9082095, -11.4946884 ], [ -39.8832174, -11.4812348 ], [ -39.8581994, -11.4908767 ], [ -39.848267, -11.4806693 ], [ -39.8390859, -11.4948569 ], [ -39.8246764, -11.5002865 ], [ -39.7909582, -11.4778642 ], [ -39.7836053, -11.4645366 ], [ -39.7712298, -11.4581128 ], [ -39.7652296, -11.4290825 ], [ -39.7556534, -11.42672 ], [ -39.7641894, -11.4110669 ], [ -39.787281, -11.4043938 ], [ -39.806767, -11.388634 ], [ -39.8156798, -11.3766892 ], [ -39.8485707, -11.3503379 ], [ -39.8624721, -11.3186759 ], [ -39.8618464, -11.3129368 ], [ -39.9552984, -11.2486547 ], [ -39.9529984, -11.1568736 ], [ -39.9633132, -11.1501135 ], [ -39.9819104, -11.1511593 ], [ -39.9945752, -11.0971815 ], [ -40.0245161, -10.9809159 ], [ -40.0180567, -10.9621913 ], [ -40.0156165, -10.930506 ], [ -40.0080905, -10.9165732 ], [ -40.0174381, -10.9025379 ], [ -40.0188535, -10.8839822 ], [ -40.0280567, -10.8632391 ], [ -40.0512484, -10.8621904 ], [ -40.101875, -10.8521939 ], [ -40.107627, -10.8422265 ], [ -40.1221265, -10.8419905 ], [ -40.12678, -10.8527955 ], [ -40.1566312, -10.8581844 ], [ -40.1903378, -10.83598 ], [ -40.1953671, -10.8224495 ], [ -40.2316194, -10.8352418 ], [ -40.2365308, -10.8480493 ], [ -40.2536497, -10.8412392 ], [ -40.2676401, -10.8432363 ], [ -40.2887082, -10.8349099 ], [ -40.2841272, -10.8268789 ], [ -40.3028649, -10.8149057 ], [ -40.3136847, -10.8239695 ], [ -40.333888099999989, -10.8178547 ], [ -40.3475472, -10.8095899 ], [ -40.4094009, -10.795389 ], [ -40.4156296, -10.7811102 ], [ -40.445770499999988, -10.7521079 ], [ -40.456742, -10.7599416 ], [ -40.4756877, -10.7636784 ], [ -40.481210399999988, -10.7449203 ], [ -40.4720485, -10.7199065 ], [ -40.4747447, -10.6998915 ], [ -40.4837827, -10.6844926 ], [ -40.5004644, -10.7004251 ], [ -40.5071507, -10.7130018 ], [ -40.5491563, -10.6996012 ], [ -40.5419793, -10.6786856 ], [ -40.5464019, -10.6623201 ], [ -40.59566, -10.6835064 ], [ -40.6309906, -10.6690363 ], [ -40.7470892, -10.6336453 ], [ -40.7629185, -10.602433 ], [ -40.7626768, -10.5925212 ], [ -40.8042091, -10.5991288 ], [ -40.8165909, -10.592499 ], [ -40.8437709, -10.5923943 ], [ -40.8514655, -10.5954806 ], [ -40.8786645, -10.590636 ], [ -40.9125846, -10.6077876 ], [ -40.9419329, -10.6022372 ], [ -41.1109993, -10.657668 ], [ -41.1117392, -10.675861 ], [ -41.092882, -10.6706261 ], [ -41.0797355, -10.6759204 ], [ -41.0791406, -10.6916249 ], [ -41.1027338, -10.7152888 ], [ -41.1587641, -10.7260738 ], [ -41.1758011, -10.7234326 ], [ -41.1871273, -10.7116304 ], [ -41.1938756, -10.6874805 ], [ -41.1847997, -10.6713697 ], [ -41.1832923, -10.6547414 ], [ -41.1926808, -10.6451966 ], [ -41.2810165, -10.6424811 ], [ -41.3074088, -10.6807076 ], [ -41.2956124, -10.7004367 ], [ -41.2807524, -10.7381384 ], [ -41.2986074, -10.7482529 ], [ -41.3319893, -10.7569452 ], [ -41.4432317, -10.8018664 ], [ -41.4410816, -10.7857476 ], [ -41.4560433, -10.7813658 ], [ -41.4776667, -10.7555916 ], [ -41.5040245, -10.7454068 ], [ -41.542878, -10.7416 ], [ -41.5563433, -10.7430391 ], [ -41.57144, -10.7559448 ], [ -41.5749162, -10.7794321 ], [ -41.5890731, -10.800533 ], [ -41.605909, -10.8095489 ], [ -41.6587331, -10.8065479 ], [ -41.6627561, -10.8112044 ], [ -41.6554898, -10.8235218 ], [ -41.6573742, -10.8380131 ], [ -41.6407446, -10.8564522 ], [ -41.6234014, -10.8645011 ], [ -41.605468, -10.8774396 ], [ -41.5891837, -10.8845401 ], [ -41.5673789, -10.9037117 ], [ -41.5626158, -10.9206305 ], [ -41.5615397, -10.9408057 ], [ -41.5398324, -10.9678757 ], [ -41.5084192, -10.9689755 ], [ -41.5015036, -10.9776346 ], [ -41.4818371, -10.9876929 ], [ -41.4612894, -10.9761716 ], [ -41.4384125, -10.9773976 ], [ -41.4273404, -10.994105 ], [ -41.4368959, -11.022101 ], [ -41.4083921, -11.0695131 ], [ -41.3958158, -11.0770647 ], [ -41.3952242, -11.1031644 ], [ -41.3761381, -11.1406535 ], [ -41.3685062, -11.1429107 ], [ -41.3646115, -11.1818989 ], [ -41.3658767, -11.2137117 ], [ -41.3559622, -11.2279707 ], [ -41.3721068, -11.2697158 ], [ -41.3642163, -11.2715246 ], [ -41.3669001, -11.2900212 ], [ -41.378585, -11.3033009 ], [ -41.3733011, -11.3314092 ], [ -41.3814636, -11.3377134 ], [ -41.3775848, -11.3495763 ], [ -41.3888148, -11.3618204 ], [ -41.3869438, -11.3901732 ], [ -41.3924394, -11.4169108 ], [ -41.3988355, -11.4224576 ], [ -41.4043325, -11.4459406 ], [ -41.4313132, -11.4490257 ], [ -41.446449799999989, -11.4697919 ], [ -41.4570082, -11.469949 ], [ -41.4851789, -11.5043675 ], [ -41.4970978, -11.5054716 ], [ -41.5100432, -11.5298216 ], [ -41.5222402, -11.5379275 ], [ -41.5359912, -11.5350482 ], [ -41.5444873, -11.5424435 ], [ -41.5417665, -11.5560178 ], [ -41.5574949, -11.5587939 ], [ -41.4351552, -11.6355478 ], [ -41.3757169, -11.6937515 ], [ -41.3642744, -11.7012918 ], [ -41.3692322, -11.7118074 ], [ -41.3816069, -11.7543098 ], [ -41.3930445, -11.7715748 ], [ -41.3842459, -11.7702209 ], [ -41.365741199999988, -11.7792363 ], [ -41.3494505, -11.7762039 ], [ -41.3247518, -11.7867418 ], [ -41.3226502, -11.7975861 ], [ -41.2822829, -11.8043579 ], [ -41.2743669, -11.8129304 ], [ -41.2482456, -11.8163836 ], [ -41.2446012, -11.844498 ], [ -41.2547141, -11.8756204 ], [ -41.2538099, -11.9032222 ], [ -41.2290635, -11.9078859 ], [ -41.2233297, -11.9186528 ], [ -41.1270067, -11.9448915 ], [ -41.1096453, -11.9468447 ], [ -41.0965402, -11.9355858 ], [ -41.0861161, -11.9191831 ], [ -41.0626184, -11.9331698 ], [ -41.0603997, -11.9480683 ], [ -41.0489455, -11.9698193 ], [ -41.0248883, -12.0022421 ], [ -40.9725254, -12.0164165 ], [ -40.920524, -12.0143719 ], [ -40.8970771, -11.9902822 ] ] ] } },
{ "type": "Feature", "properties": { "name_micro": "JEQUIE", "total_migrantes": 11, "populacao": 526129.0, "taxa_100k": 0.20907420043373393, "ano": 2025.0 }, "geometry": { "type": "Polygon", "coordinates": [ [ [ -40.0054667, -14.2661748 ], [ -39.997196, -14.25889 ], [ -39.9843585, -14.2209419 ], [ -39.987676, -14.199698 ], [ -39.9742321, -14.1627133 ], [ -39.9202715, -14.1833577 ], [ -39.9146718, -14.1692582 ], [ -39.9003119, -14.1712328 ], [ -39.9008444, -14.1591711 ], [ -39.8892433, -14.1387277 ], [ -39.8598801, -14.1457066 ], [ -39.8427157, -14.125058 ], [ -39.8315098, -14.1194707 ], [ -39.817176, -14.0987444 ], [ -39.8309353, -14.0835609 ], [ -39.8274452, -14.0732108 ], [ -39.8082501, -14.0766474 ], [ -39.793748, -14.0657708 ], [ -39.8007786, -14.0528855 ], [ -39.7906544, -14.0373173 ], [ -39.7934823, -14.0113742 ], [ -39.7726183, -14.0003556 ], [ -39.7544062, -13.986413 ], [ -39.7540267, -13.972249 ], [ -39.7348823, -13.9318494 ], [ -39.7218512, -13.9278534 ], [ -39.7050487, -13.9095454 ], [ -39.7100514, -13.8994299 ], [ -39.6822508, -13.8824811 ], [ -39.6801903, -13.8723548 ], [ -39.7021645, -13.8636883 ], [ -39.6986683, -13.8485357 ], [ -39.7009455, -13.8354612 ], [ -39.6912462, -13.8227836 ], [ -39.6886967, -13.8078432 ], [ -39.6999464, -13.7986668 ], [ -39.7018625, -13.7854046 ], [ -39.7167813, -13.7850635 ], [ -39.7276176, -13.7706931 ], [ -39.740663499999989, -13.7742722 ], [ -39.7208802, -13.7436665 ], [ -39.7295296, -13.7222569 ], [ -39.7426182, -13.7002777 ], [ -39.7396137, -13.695256 ], [ -39.759569, -13.6608214 ], [ -39.7645969, -13.6462756 ], [ -39.7583954, -13.6367038 ], [ -39.7760922, -13.61887 ], [ -39.7767502, -13.6001243 ], [ -39.7960773, -13.5890518 ], [ -39.7927711, -13.5792767 ], [ -39.8135826, -13.5635682 ], [ -39.791265, -13.5389256 ], [ -39.7856397, -13.5281314 ], [ -39.7622759, -13.5111728 ], [ -39.745643, -13.5035247 ], [ -39.7268181, -13.5030556 ], [ -39.7042265, -13.5203573 ], [ -39.6959096, -13.51547 ], [ -39.6684483, -13.5357719 ], [ -39.6403351, -13.5051963 ], [ -39.6276776, -13.4827736 ], [ -39.6107089, -13.4774095 ], [ -39.6030329, -13.4673129 ], [ -39.5839597, -13.4792487 ], [ -39.5693758, -13.4773184 ], [ -39.5459635, -13.4503916 ], [ -39.5169101, -13.4260971 ], [ -39.5031897, -13.4197394 ], [ -39.4879572, -13.4020602 ], [ -39.484477, -13.3803956 ], [ -39.4648102, -13.3733669 ], [ -39.472991, -13.3568715 ], [ -39.470533, -13.3479251 ], [ -39.4798204, -13.3383112 ], [ -39.4675857, -13.3295321 ], [ -39.4709498, -13.3065688 ], [ -39.451851499999989, -13.3014395 ], [ -39.4447431, -13.2881834 ], [ -39.4349823, -13.3017926 ], [ -39.4280784, -13.2956727 ], [ -39.4330336, -13.2707637 ], [ -39.4260988, -13.2659169 ], [ -39.4359187, -13.2408594 ], [ -39.425181, -13.237077 ], [ -39.4164207, -13.2425874 ], [ -39.4039282, -13.2339182 ], [ -39.3981644, -13.2394781 ], [ -39.381222099999988, -13.2329743 ], [ -39.3662921, -13.2478864 ], [ -39.346951499999989, -13.2510948 ], [ -39.3344773, -13.2180747 ], [ -39.337731, -13.1996717 ], [ -39.3154276, -13.2060813 ], [ -39.2995908, -13.2245569 ], [ -39.2928117, -13.2379178 ], [ -39.2802471, -13.2449741 ], [ -39.269837, -13.2627149 ], [ -39.2477691, -13.2659872 ], [ -39.2406926, -13.2718887 ], [ -39.2318963, -13.2918979 ], [ -39.2043612, -13.2850655 ], [ -39.2125165, -13.2653679 ], [ -39.2186216, -13.2627961 ], [ -39.2193522, -13.2398332 ], [ -39.2030157, -13.2222112 ], [ -39.1908814, -13.2390686 ], [ -39.1713228, -13.2332741 ], [ -39.1858675, -13.2148838 ], [ -39.2073663, -13.1967496 ], [ -39.2310497, -13.2077956 ], [ -39.2503983, -13.1891498 ], [ -39.2685423, -13.1872063 ], [ -39.2826014, -13.1811571 ], [ -39.302743199999988, -13.1635718 ], [ -39.2958392, -13.1425528 ], [ -39.2728919, -13.1377815 ], [ -39.2616475, -13.1316705 ], [ -39.2451681, -13.1311818 ], [ -39.2278093, -13.1120992 ], [ -39.2139988, -13.1089552 ], [ -39.1781217, -13.1166311 ], [ -39.1229924, -13.1084831 ], [ -39.1340033, -13.0914835 ], [ -39.1436845, -13.0971508 ], [ -39.1592122, -13.0955646 ], [ -39.1698194, -13.0837382 ], [ -39.1791097, -13.1069046 ], [ -39.1949392, -13.1026476 ], [ -39.1998861, -13.0801205 ], [ -39.2199836, -13.0833333 ], [ -39.2290192, -13.0964218 ], [ -39.2464074, -13.095327 ], [ -39.2567706, -13.071024 ], [ -39.2651134, -13.0601979 ], [ -39.2878582, -13.0578659 ], [ -39.3016873, -13.061629 ], [ -39.3180595, -13.0564144 ], [ -39.3257346, -13.0625584 ], [ -39.3420521, -13.0569888 ], [ -39.3574096, -13.0405287 ], [ -39.3630773, -13.0412957 ], [ -39.3928922, -13.0149304 ], [ -39.4016414, -12.9967713 ], [ -39.411868, -12.9980629 ], [ -39.4432331, -12.9932495 ], [ -39.456978, -12.9769321 ], [ -39.4638061, -12.952667 ], [ -39.4747063, -12.9742364 ], [ -39.4743263, -12.9848421 ], [ -39.4894171, -12.997658 ], [ -39.5025967, -12.9970487 ], [ -39.5110968, -13.0150997 ], [ -39.5320736, -13.0211358 ], [ -39.5465898, -13.0084472 ], [ -39.5456856, -12.9955611 ], [ -39.5750494, -12.9596259 ], [ -39.5942212, -12.9388526 ], [ -39.6142983, -12.9264842 ], [ -39.6230588, -12.9132419 ], [ -39.6304752, -12.9303747 ], [ -39.6446237, -12.9299891 ], [ -39.6661149, -12.9154603 ], [ -39.678746, -12.8872631 ], [ -39.7126842, -12.8621419 ], [ -39.7274652, -12.8769852 ], [ -39.7552306, -12.8602176 ], [ -39.7715666, -12.8542764 ], [ -39.7850635, -12.8382292 ], [ -39.7991653, -12.841242 ], [ -39.8341042, -12.8206931 ], [ -39.8556988, -12.7956004 ], [ -39.894195599999989, -12.7533925 ], [ -39.9281213, -12.8170832 ], [ -39.8998045, -12.8746445 ], [ -39.9881075, -12.9306306 ], [ -39.9911395, -12.9631873 ], [ -40.0111517, -12.9757796 ], [ -40.0327603, -12.9848436 ], [ -40.05284, -12.9850225 ], [ -40.0673418, -12.992631 ], [ -40.0745333, -12.9887588 ], [ -40.1050702, -12.9837301 ], [ -40.1125795, -12.9883066 ], [ -40.1306645, -12.981676 ], [ -40.1440151, -12.9823025 ], [ -40.1733008, -13.0208403 ], [ -40.1903493, -13.0284064 ], [ -40.1989867, -13.0381146 ], [ -40.1991753, -13.048685 ], [ -40.3058097, -13.043417 ], [ -40.3206799, -13.0402152 ], [ -40.3436024, -13.0549914 ], [ -40.3457953, -13.0619882 ], [ -40.3386405, -13.0811884 ], [ -40.3596152, -13.0840516 ], [ -40.3771043, -13.0791261 ], [ -40.4010036, -13.0662628 ], [ -40.4110544, -13.0879634 ], [ -40.4229655, -13.0731771 ], [ -40.436588, -13.0473762 ], [ -40.45083, -13.0367271 ], [ -40.4562911, -13.0158808 ], [ -40.4718329, -12.9998944 ], [ -40.4856461, -12.958719 ], [ -40.5050436, -12.9454636 ], [ -40.522225, -12.9589109 ], [ -40.5325258, -12.9792835 ], [ -40.5464642, -12.9913163 ], [ -40.5760263, -13.0033397 ], [ -40.6011057, -13.0055826 ], [ -40.6037673, -12.9983478 ], [ -40.6267515, -13.0010241 ], [ -40.6319596, -12.9972667 ], [ -40.6538673, -13.0006921 ], [ -40.679623, -13.0165585 ], [ -40.6841161, -13.0230904 ], [ -40.701144299999989, -13.0237322 ], [ -40.7152479, -13.0172799 ], [ -40.7279956, -13.0252314 ], [ -40.7382106, -13.0387399 ], [ -40.7510203, -13.0435436 ], [ -40.840999, -13.1386109 ], [ -40.9197095, -13.2090052 ], [ -40.9183297, -13.2295696 ], [ -41.0103442, -13.2609103 ], [ -41.088844, -13.2557984 ], [ -41.0786884, -13.2732681 ], [ -41.1045287, -13.2917227 ], [ -41.1047783, -13.3188975 ], [ -41.1142631, -13.3231908 ], [ -41.1176231, -13.340154 ], [ -41.1274207, -13.35075 ], [ -41.1315313, -13.3644126 ], [ -41.1557073, -13.3772279 ], [ -41.1606147, -13.4032812 ], [ -41.1892618, -13.4063832 ], [ -41.2008748, -13.4186287 ], [ -41.2183011, -13.429353 ], [ -41.233078, -13.4289568 ], [ -41.2367564, -13.461169 ], [ -41.2563396, -13.4703384 ], [ -41.2539761, -13.4810874 ], [ -41.2419022, -13.4969799 ], [ -41.2411732, -13.505925 ], [ -41.223706, -13.5185371 ], [ -41.2162084, -13.4919682 ], [ -41.2203816, -13.4702403 ], [ -41.0382408, -13.5563339 ], [ -40.9553367, -13.5454731 ], [ -40.947127, -13.5524859 ], [ -40.9418688, -13.5671034 ], [ -40.9189012, -13.5737768 ], [ -40.9023506, -13.571235 ], [ -40.8738318, -13.5760018 ], [ -40.8584241, -13.5825173 ], [ -40.8369929, -13.6358401 ], [ -40.7147626, -13.8410392 ], [ -40.6937918, -13.8382373 ], [ -40.678502, -13.8504363 ], [ -40.6480421, -13.8356885 ], [ -40.6347438, -13.8492807 ], [ -40.616394, -13.8547707 ], [ -40.610089599999988, -13.8652585 ], [ -40.5928828, -13.8664974 ], [ -40.5756763, -13.8723315 ], [ -40.5509698, -13.8721758 ], [ -40.5349659, -13.8660053 ], [ -40.529134299999988, -13.8696476 ], [ -40.5276496, -13.8879243 ], [ -40.505649, -13.8881369 ], [ -40.5064878, -13.9006692 ], [ -40.5144221, -13.9159891 ], [ -40.516779899999989, -13.9412202 ], [ -40.5098936, -13.949818 ], [ -40.3493213, -14.0328979 ], [ -40.3467205, -14.0252736 ], [ -40.3185984, -14.0062575 ], [ -40.3071182, -14.0088699 ], [ -40.2471843, -14.0423086 ], [ -40.2320913, -14.0309628 ], [ -40.2158616, -14.0361137 ], [ -40.2052688, -14.0538629 ], [ -40.2075154, -14.0706375 ], [ -40.2198858, -14.0721185 ], [ -40.2150444, -14.0844384 ], [ -40.2214601, -14.0956139 ], [ -40.2109011, -14.1257429 ], [ -40.1939453, -14.1276601 ], [ -40.1815979, -14.1231268 ], [ -40.1754038, -14.134914 ], [ -40.1763371, -14.1526617 ], [ -40.1816243, -14.1671723 ], [ -40.1835781, -14.1890933 ], [ -40.1888454, -14.2013635 ], [ -40.1872497, -14.2185232 ], [ -40.1699232, -14.2312833 ], [ -40.1703153, -14.2494122 ], [ -40.1634981, -14.2530319 ], [ -40.1360483, -14.246637 ], [ -40.1129724, -14.2279652 ], [ -40.0907496, -14.2790177 ], [ -40.0773631, -14.2523893 ], [ -40.0676855, -14.2456878 ], [ -40.0543512, -14.2832631 ], [ -40.0302386, -14.2830722 ], [ -40.0135745, -14.2878457 ], [ -40.0054667, -14.2661748 ] ] ] } },
{ "type": "Feature", "properties": { "name_micro": "JEREMOABO", "total_migrantes": 0, "populacao": 101215.0, "taxa_100k": 0.0, "ano": 2025.0 }, "geometry": { "type": "Polygon", "coordinates": [ [ [ -38.5823217, -10.2823743 ], [ -38.5605447, -10.2764444 ], [ -38.5329107, -10.2891823 ], [ -38.5211276, -10.3076502 ], [ -38.5058394, -10.3063282 ], [ -38.4991434, -10.3163545 ], [ -38.4853938, -10.3217459 ], [ -38.478478, -10.3109421 ], [ -38.4426269, -10.2975242 ], [ -38.4328992, -10.306198 ], [ -38.4037433, -10.308468 ], [ -38.2528066, -10.3142118 ], [ -38.2373229, -10.3805665 ], [ -38.1497924, -10.4572864 ], [ -38.1235001, -10.44992 ], [ -38.1102305, -10.4509507 ], [ -38.0880521, -10.4376062 ], [ -38.058871, -10.4355233 ], [ -38.0248541, -10.4510327 ], [ -38.0136293, -10.4415392 ], [ -37.9788259, -10.4344714 ], [ -37.9540118, -10.4381186 ], [ -37.9374766, -10.4472182 ], [ -37.9187886, -10.438978 ], [ -37.9087359, -10.447624 ], [ -37.8910095, -10.4415703 ], [ -37.8627608, -10.4403325 ], [ -37.8477318, -10.4434917 ], [ -37.8539516, -10.4257874 ], [ -37.8531654, -10.4064595 ], [ -37.8430756, -10.40307 ], [ -37.8394128, -10.3812978 ], [ -37.8309509, -10.3748241 ], [ -37.7989971, -10.3633854 ], [ -37.7865442, -10.3480537 ], [ -37.767227, -10.3416352 ], [ -37.7433128, -10.3383907 ], [ -37.7451248, -10.3135839 ], [ -37.768662, -10.2891961 ], [ -37.7501306, -10.2887765 ], [ -37.7488597, -10.2643236 ], [ -37.7591633, -10.2535116 ], [ -37.7470908, -10.2380727 ], [ -37.7656811, -10.1960449 ], [ -37.7822309, -10.1855917 ], [ -37.7752248, -10.1534408 ], [ -37.7779303, -10.1341413 ], [ -37.8018857, -10.1127693 ], [ -37.7882306, -10.0693789 ], [ -37.7826444, -10.0435984 ], [ -37.7909033, -10.0327032 ], [ -37.8136027, -10.0322597 ], [ -37.8330613, -10.0191639 ], [ -37.8520777, -9.9904569 ], [ -37.862555799999988, -9.9885966 ], [ -37.8960726, -9.9542834 ], [ -37.8970968, -9.9417134 ], [ -37.9134407, -9.9331128 ], [ -37.912336, -9.9184506 ], [ -37.944609, -9.9427924 ], [ -37.9750295, -9.9369297 ], [ -38.0010293, -9.9071491 ], [ -37.9921245, -9.8942818 ], [ -37.9952396, -9.8784388 ], [ -38.0071032, -9.8688426 ], [ -37.9954442, -9.8460787 ], [ -38.003065, -9.8382628 ], [ -38.0007043, -9.8158152 ], [ -38.0179501, -9.8024695 ], [ -38.020057099999988, -9.777615 ], [ -38.0325967, -9.7701002 ], [ -38.0387441, -9.7493819 ], [ -38.0367807, -9.7396908 ], [ -38.0432891, -9.7233991 ], [ -38.0449693, -9.6977703 ], [ -38.0343001, -9.6867161 ], [ -38.0322192, -9.6606865 ], [ -38.0204923, -9.6600479 ], [ -38.0092881, -9.6498562 ], [ -38.0195945, -9.6372295 ], [ -38.0353007, -9.6328625 ], [ -38.0511666, -9.6216995 ], [ -38.0527011, -9.6048627 ], [ -38.0610389, -9.5876379 ], [ -38.0840599, -9.5991481 ], [ -38.0916668, -9.6108938 ], [ -38.1002872, -9.6096303 ], [ -38.1227816, -9.620405 ], [ -38.1262513, -9.6458033 ], [ -38.1365338, -9.6402895 ], [ -38.1484371, -9.6495849 ], [ -38.1573725, -9.677565 ], [ -38.1758737, -9.6696368 ], [ -38.1945042, -9.6771531 ], [ -38.2248159, -9.6744712 ], [ -38.285333, -9.6906314 ], [ -38.3013843, -9.6639041 ], [ -38.3081578, -9.6610508 ], [ -38.3374545, -9.6751893 ], [ -38.3514063, -9.6786891 ], [ -38.3636533, -9.7068404 ], [ -38.4429843, -9.6986111 ], [ -38.4584567, -9.7089341 ], [ -38.4795744, -9.7087318 ], [ -38.487785, -9.7125109 ], [ -38.548946, -9.6854742 ], [ -38.7847894, -9.6468173 ], [ -38.7734377, -9.6739412 ], [ -38.7822232, -9.7014338 ], [ -38.7794273, -9.7124983 ], [ -38.7862572, -9.7469604 ], [ -38.8051655, -9.7540021 ], [ -38.8291982, -9.7552179 ], [ -38.845837599999989, -9.7719369 ], [ -38.8655063, -9.7814874 ], [ -38.8606193, -9.7976501 ], [ -38.8613778, -9.8244417 ], [ -38.869466, -9.8328928 ], [ -38.9190111, -9.8547573 ], [ -38.9316909, -9.8743679 ], [ -38.9185236, -9.9600053 ], [ -38.9042524, -9.9583391 ], [ -38.8990632, -9.9786074 ], [ -38.8902486, -9.9786662 ], [ -38.8786673, -9.9673573 ], [ -38.871366099999989, -9.9824735 ], [ -38.8549523, -9.9963231 ], [ -38.8376648, -9.9992447 ], [ -38.8051361, -10.010537 ], [ -38.8002773, -10.0310241 ], [ -38.7797901, -10.0609102 ], [ -38.7645681, -10.0671665 ], [ -38.7513621, -10.08437 ], [ -38.743931599999989, -10.1027173 ], [ -38.7129986, -10.1265595 ], [ -38.7203833, -10.1489371 ], [ -38.7340158, -10.1637013 ], [ -38.6940514, -10.1899174 ], [ -38.6699942, -10.1831514 ], [ -38.6347707, -10.2016494 ], [ -38.6141931, -10.2088124 ], [ -38.6006311, -10.2186046 ], [ -38.5762599, -10.224999 ], [ -38.5830545, -10.2340141 ], [ -38.5768723, -10.2522006 ], [ -38.5823217, -10.2823743 ] ] ] } },
{ "type": "Feature", "properties": { "name_micro": "JUAZEIRO", "total_migrantes": 38, "populacao": 548452.0, "taxa_100k": 0.69285917454945911, "ano": 2025.0 }, "geometry": { "type": "Polygon", "coordinates": [ [ [ -39.356786, -8.547459 ], [ -39.3644564, -8.5378496 ], [ -39.3797936, -8.5328206 ], [ -39.4160408, -8.5421279 ], [ -39.4354904, -8.5633018 ], [ -39.4521096, -8.5631992 ], [ -39.4612466, -8.5820402 ], [ -39.4856967, -8.5964458 ], [ -39.5186123, -8.6039111 ], [ -39.5262144, -8.6125347 ], [ -39.556658, -8.6230886 ], [ -39.5685749, -8.6366513 ], [ -39.5952263, -8.6512059 ], [ -39.6144979, -8.6575415 ], [ -39.6225848, -8.6554986 ], [ -39.652364, -8.6603516 ], [ -39.6608714, -8.6573539 ], [ -39.6888359, -8.6608504 ], [ -39.6930366, -8.680512 ], [ -39.6822825, -8.711469 ], [ -39.673824, -8.7454614 ], [ -39.6781247, -8.7569574 ], [ -39.673300399999988, -8.784904 ], [ -39.6951287, -8.7995714 ], [ -39.7217684, -8.7990156 ], [ -39.7477853, -8.794041 ], [ -39.7887962, -8.8191096 ], [ -39.8199704, -8.8134884 ], [ -39.8629001, -8.8195006 ], [ -39.8929577, -8.828794 ], [ -39.9027369, -8.8505779 ], [ -39.9012593, -8.8641588 ], [ -39.8794186, -8.9019086 ], [ -39.8744286, -8.9367385 ], [ -39.8888191, -8.9658368 ], [ -39.8993503, -8.9724613 ], [ -39.9165523, -8.9986955 ], [ -39.9491263, -9.0356111 ], [ -39.9554987, -9.046248 ], [ -39.968091, -9.0531971 ], [ -39.9979811, -9.0611248 ], [ -40.0424698, -9.0598217 ], [ -40.0655631, -9.0630652 ], [ -40.077396, -9.0782264 ], [ -40.1298949, -9.1103046 ], [ -40.1597208, -9.1078733 ], [ -40.1710827, -9.093449 ], [ -40.1965038, -9.0718883 ], [ -40.2236023, -9.0566675 ], [ -40.2389835, -9.0543653 ], [ -40.2642061, -9.0709578 ], [ -40.2731922, -9.0824216 ], [ -40.2867061, -9.1173518 ], [ -40.2933302, -9.1467429 ], [ -40.2861727, -9.1856114 ], [ -40.3005068, -9.231208 ], [ -40.3022068, -9.2517033 ], [ -40.3095354, -9.2755067 ], [ -40.3190314, -9.2872692 ], [ -40.3325319, -9.3175719 ], [ -40.3373376, -9.335068 ], [ -40.3337541, -9.3505383 ], [ -40.3563971, -9.3769943 ], [ -40.3714153, -9.3787167 ], [ -40.3912784, -9.3721668 ], [ -40.4181453, -9.3520533 ], [ -40.4307882, -9.3566945 ], [ -40.439306, -9.3682809 ], [ -40.4538185, -9.4035174 ], [ -40.4677551, -9.4205681 ], [ -40.4778342, -9.4192951 ], [ -40.4971964, -9.4085724 ], [ -40.5107266, -9.4071789 ], [ -40.5316955, -9.414957 ], [ -40.5417857, -9.4260281 ], [ -40.5451873, -9.4422989 ], [ -40.5557585, -9.4579381 ], [ -40.5727087, -9.4668583 ], [ -40.599618, -9.4696064 ], [ -40.6231657, -9.4828974 ], [ -40.6813218, -9.467221 ], [ -40.7221786, -9.4459485 ], [ -40.7498354, -9.4438472 ], [ -40.7674565, -9.4526501 ], [ -40.760628, -9.4322363 ], [ -40.7647886, -9.4159499 ], [ -40.7430889, -9.4029455 ], [ -40.7425404, -9.383315 ], [ -40.7464789, -9.3710522 ], [ -40.7382088, -9.3531993 ], [ -40.7372865, -9.3368708 ], [ -40.7564219, -9.3150323 ], [ -40.7394418, -9.2965887 ], [ -40.7200882, -9.3058967 ], [ -40.7082909, -9.2960777 ], [ -40.7086897, -9.286876 ], [ -40.687234, -9.2783331 ], [ -40.6800885, -9.2592117 ], [ -40.6892365, -9.2569859 ], [ -40.6864556, -9.2435546 ], [ -40.6934453, -9.2312756 ], [ -40.680704, -9.2121988 ], [ -40.6770573, -9.1933115 ], [ -40.6698732, -9.1861325 ], [ -40.6720921, -9.1723872 ], [ -40.6673957, -9.1590592 ], [ -40.6777288, -9.1512461 ], [ -40.685094, -9.1376102 ], [ -40.7098893, -9.140881 ], [ -40.7325375, -9.1240056 ], [ -40.7577042, -9.1186299 ], [ -40.763171, -9.10694 ], [ -40.7750862, -9.100878 ], [ -40.804104, -9.0983359 ], [ -40.8131946, -9.0831693 ], [ -40.821008, -9.0798914 ], [ -40.8263725, -9.0368051 ], [ -40.8322082, -9.0311634 ], [ -40.8343704, -9.010516 ], [ -40.846843799999988, -8.9955405 ], [ -40.8521052, -8.9804709 ], [ -40.8510116, -8.9542443 ], [ -40.8613226, -8.9480176 ], [ -40.8662781, -8.9233892 ], [ -40.8812337, -8.9156278 ], [ -40.8834423, -8.904856 ], [ -40.8950412, -8.8890928 ], [ -40.8964043, -8.8710254 ], [ -40.9030382, -8.8586189 ], [ -40.9149791, -8.8495228 ], [ -40.9213378, -8.8354306 ], [ -40.9463832, -8.8449969 ], [ -40.9593722, -8.8413701 ], [ -40.960905, -8.8307593 ], [ -40.9790937, -8.8234171 ], [ -41.0003495, -8.828798 ], [ -41.0212409, -8.8435609 ], [ -41.0313197, -8.8349584 ], [ -41.0248723, -8.8087163 ], [ -41.0362345, -8.7858759 ], [ -41.0820688, -8.7843386 ], [ -41.1033511, -8.780443 ], [ -41.1130163, -8.7597268 ], [ -41.1289892, -8.7433931 ], [ -41.1232018, -8.7187072 ], [ -41.1118459, -8.7053095 ], [ -41.131325, -8.7042529 ], [ -41.1764047, -8.7111943 ], [ -41.1975619, -8.70652 ], [ -41.2049316, -8.7094871 ], [ -41.2252657, -8.7046698 ], [ -41.2401253, -8.7119277 ], [ -41.2376819, -8.7187633 ], [ -41.2629897, -8.7218768 ], [ -41.2782648, -8.735313 ], [ -41.2949836, -8.7355452 ], [ -41.3051001, -8.7273801 ], [ -41.3343516, -8.7276615 ], [ -41.358336199999989, -8.7076202 ], [ -41.3812515, -8.7072724 ], [ -41.3939036, -8.7243563 ], [ -41.400314, -8.7463749 ], [ -41.4242667, -8.8025554 ], [ -41.4346841, -8.799096 ], [ -41.4564855, -8.8209532 ], [ -41.4721841, -8.8431145 ], [ -41.4878434, -8.8439034 ], [ -41.4956179, -8.8622113 ], [ -41.5105684, -8.8762253 ], [ -41.5074372, -8.8924409 ], [ -41.5228734, -8.9036869 ], [ -41.531346, -8.9277042 ], [ -41.5414101, -8.9335567 ], [ -41.5457959, -8.9616759 ], [ -41.5652668, -8.9703202 ], [ -41.5700566, -8.9550295 ], [ -41.6057947, -8.9574039 ], [ -41.6099316, -8.9672725 ], [ -41.6212088, -8.9708628 ], [ -41.6334052, -8.9860073 ], [ -41.6694039, -8.9900791 ], [ -41.6733475, -9.0077894 ], [ -41.6887708, -9.0139549 ], [ -41.7236031, -9.0135402 ], [ -41.7308218, -9.0279572 ], [ -41.733297, -9.0497595 ], [ -41.732659, -9.0877254 ], [ -41.7430468, -9.1038266 ], [ -41.7622042, -9.1187674 ], [ -41.7804487, -9.1289856 ], [ -41.8000703, -9.1480266 ], [ -41.800126299999988, -9.1651616 ], [ -41.8132719, -9.1788382 ], [ -41.8219002, -9.1943518 ], [ -41.8312409, -9.2289428 ], [ -41.8379658, -9.242272 ], [ -41.8478189, -9.2439555 ], [ -41.8705206, -9.2374314 ], [ -41.8849329, -9.2534666 ], [ -41.9016543, -9.2573549 ], [ -41.9074378, -9.2704938 ], [ -41.9216294, -9.2787602 ], [ -41.945057, -9.2637015 ], [ -41.9554222, -9.2636647 ], [ -41.9722662, -9.2486381 ], [ -41.999905299999988, -9.2659722 ], [ -42.0186882, -9.250516 ], [ -42.0329388, -9.2554581 ], [ -42.0581564, -9.2548909 ], [ -42.0728005, -9.2598328 ], [ -42.0950446, -9.2785611 ], [ -42.1345261, -9.2872126 ], [ -42.179489599999989, -9.2852662 ], [ -42.2064354, -9.2927815 ], [ -42.2224438, -9.2841688 ], [ -42.2384639, -9.2857652 ], [ -42.2689127, -9.3104468 ], [ -42.2864914, -9.3094558 ], [ -42.3160766, -9.3166123 ], [ -42.3258774, -9.3334115 ], [ -42.357049, -9.3525645 ], [ -42.3567148, -9.3721839 ], [ -42.3646685, -9.3820875 ], [ -42.3988859, -9.3970862 ], [ -42.4184943, -9.4093633 ], [ -42.4264127, -9.4212044 ], [ -42.4282776, -9.4397829 ], [ -42.448559, -9.4612119 ], [ -42.481537, -9.4588649 ], [ -42.491219, -9.4696076 ], [ -42.4860249, -9.4837862 ], [ -42.4930918, -9.4949004 ], [ -42.5147485, -9.5017572 ], [ -42.5325065, -9.5019857 ], [ -42.5548256, -9.4963025 ], [ -42.5710797, -9.5015383 ], [ -42.5903587, -9.498352 ], [ -42.6195916, -9.5393079 ], [ -42.6402208, -9.5438287 ], [ -42.6568002, -9.5420507 ], [ -42.6799174, -9.5491491 ], [ -42.6946297, -9.5436498 ], [ -42.7084926, -9.5320637 ], [ -42.7220308, -9.537184 ], [ -42.7161925, -9.5543708 ], [ -42.7395554, -9.5793507 ], [ -42.7577491, -9.5892803 ], [ -42.7608913, -9.6094154 ], [ -42.7699572, -9.6191821 ], [ -42.7997921, -9.6225031 ], [ -42.8205528, -9.6192304 ], [ -42.8209662, -9.6025988 ], [ -42.8303294, -9.5760144 ], [ -42.8281932, -9.5605212 ], [ -42.8371387, -9.5503719 ], [ -42.8511004, -9.5511722 ], [ -42.8680315, -9.5640148 ], [ -42.8767235, -9.5616237 ], [ -42.8843037, -9.5490724 ], [ -42.9040163, -9.5267542 ], [ -42.9284431, -9.5272467 ], [ -42.9437983, -9.5207733 ], [ -42.9513613, -9.5103819 ], [ -42.9518094, -9.4976499 ], [ -42.9594845, -9.4796708 ], [ -42.9628922, -9.4570528 ], [ -42.9563654, -9.4386397 ], [ -42.9598894, -9.4262127 ], [ -42.9718932, -9.4080614 ], [ -42.9878631, -9.4013385 ], [ -43.0400858, -9.4146558 ], [ -43.0579143, -9.4147616 ], [ -43.057055, -9.4016602 ], [ -43.0666099, -9.3940476 ], [ -43.0828883, -9.3973257 ], [ -43.086792, -9.3884259 ], [ -43.1054955, -9.3856133 ], [ -43.1218779, -9.3729457 ], [ -43.1303461, -9.3854269 ], [ -43.1472153, -9.3763053 ], [ -43.161524, -9.3792501 ], [ -43.1731465, -9.4101086 ], [ -43.1938597, -9.4207223 ], [ -43.2022562, -9.4064164 ], [ -43.2142901, -9.3996483 ], [ -43.228997199999988, -9.4029445 ], [ -43.2423447, -9.4118835 ], [ -43.2666693, -9.4119059 ], [ -43.2739477, -9.4235491 ], [ -43.2851174, -9.420028 ], [ -43.2931609, -9.4009516 ], [ -43.3129976, -9.3905482 ], [ -43.3363259, -9.3685182 ], [ -43.3535557, -9.3689557 ], [ -43.3764222, -9.3489049 ], [ -43.3858726, -9.3356542 ], [ -43.3951776, -9.3142949 ], [ -43.4227494, -9.2776111 ], [ -43.4381286, -9.2661378 ], [ -43.4690445, -9.2608103 ], [ -43.4975271, -9.2725256 ], [ -43.5181588, -9.2935926 ], [ -43.5371418, -9.3074732 ], [ -43.5520736, -9.3093557 ], [ -43.5790266, -9.3203902 ], [ -43.6025409, -9.3466418 ], [ -43.6216326, -9.3715377 ], [ -43.6891438, -9.4196828 ], [ -43.7514198, -9.4340724 ], [ -43.7697288, -9.4420512 ], [ -43.7842477, -9.4547729 ], [ -43.7994477, -9.4796519 ], [ -43.8163081, -9.4919568 ], [ -43.8378918, -9.525233 ], [ -43.8496932, -9.5480524 ], [ -43.8525813, -9.5621384 ], [ -43.8415459, -9.586048 ], [ -43.8426512, -9.6126698 ], [ -43.833978, -9.6179297 ], [ -43.8419522, -9.6374276 ], [ -43.8284952, -9.6474439 ], [ -43.7995496, -9.6924939 ], [ -43.7944774, -9.7050444 ], [ -43.7976627, -9.7276804 ], [ -43.7849218, -9.762385 ], [ -43.7635321, -9.7766029 ], [ -43.7198812, -9.7944028 ], [ -43.7178178, -9.8024218 ], [ -43.6972554, -9.8043009 ], [ -43.6828715, -9.8157451 ], [ -43.6648457, -9.8236548 ], [ -43.6524782, -9.8435703 ], [ -43.6652616, -9.8558764 ], [ -43.6663974, -9.8690486 ], [ -43.6774485, -9.8865278 ], [ -43.6951181, -9.8923736 ], [ -43.6981139, -9.902854 ], [ -43.7090353, -9.9132195 ], [ -43.703195, -9.9236818 ], [ -43.6928385, -9.925527 ], [ -43.6904744, -9.9416537 ], [ -43.7025603, -9.9610782 ], [ -43.6969008, -9.9740926 ], [ -43.6651731, -9.991028 ], [ -43.6621314, -10.0095442 ], [ -43.6694806, -10.0307552 ], [ -43.6852864, -10.0399933 ], [ -43.6925319, -10.0508866 ], [ -43.6909514, -10.0727709 ], [ -43.6990675, -10.077774 ], [ -43.7199369, -10.072435 ], [ -43.7592285, -10.0746052 ], [ -43.7660345, -10.0800571 ], [ -43.7731135, -10.0987842 ], [ -43.7659722, -10.1206921 ], [ -43.7700411, -10.1512193 ], [ -43.784816199999987, -10.191678 ], [ -43.8090904, -10.2214403 ], [ -43.8372651, -10.2500682 ], [ -43.8343117, -10.2742498 ], [ -43.8369216, -10.302205 ], [ -43.8503807, -10.3183797 ], [ -43.8716834, -10.3304367 ], [ -43.895096099999989, -10.3544907 ], [ -43.898771, -10.3673195 ], [ -43.9147933, -10.3841549 ], [ -43.9158894, -10.3930848 ], [ -43.7707923, -10.3930881 ], [ -43.726022, -10.3561835 ], [ -43.7057324, -10.3612122 ], [ -43.6823185, -10.3741565 ], [ -43.6610684, -10.3739702 ], [ -43.6615274, -10.360392 ], [ -43.6542701, -10.3459962 ], [ -43.6646802, -10.3263062 ], [ -43.6507604, -10.3056049 ], [ -43.6329144, -10.3036418 ], [ -43.6230539, -10.2830635 ], [ -43.6077778, -10.2784949 ], [ -43.5959474, -10.2678791 ], [ -43.5977627, -10.2583756 ], [ -43.5836675, -10.2482313 ], [ -43.5531583, -10.2519737 ], [ -43.5418558, -10.2449543 ], [ -43.5228201, -10.2448353 ], [ -43.506735, -10.248928 ], [ -43.4678743, -10.2347199 ], [ -43.384716, -10.239956 ], [ -43.2792556, -10.2369944 ], [ -43.1375164, -10.3081869 ], [ -42.9416972, -10.4065943 ], [ -42.619205, -10.5686436 ], [ -42.5871974, -10.5451042 ], [ -42.5816749, -10.5375304 ], [ -42.5776218, -10.5150721 ], [ -42.5798141, -10.4941677 ], [ -42.5699993, -10.4703513 ], [ -42.5537348, -10.4600258 ], [ -42.5457295, -10.4489678 ], [ -42.5058812, -10.4144815 ], [ -42.4919193, -10.4085888 ], [ -42.4644863, -10.3821944 ], [ -42.4544361, -10.3442608 ], [ -42.4587669, -10.3107972 ], [ -42.4562598, -10.3003602 ], [ -42.4373891, -10.2718901 ], [ -42.4164889, -10.2642336 ], [ -42.4046467, -10.2530793 ], [ -42.4057288, -10.2225814 ], [ -42.4023807, -10.2017205 ], [ -42.4054672, -10.1851203 ], [ -42.15966, -10.2579383 ], [ -42.1560853, -10.2733664 ], [ -42.1426794, -10.2903966 ], [ -42.132556, -10.3129682 ], [ -42.1308799, -10.3364347 ], [ -42.133681, -10.3444491 ], [ -42.1228257, -10.3579814 ], [ -42.0918624, -10.382001 ], [ -42.094039699999989, -10.4086016 ], [ -42.086603, -10.4242937 ], [ -42.0795777, -10.4575679 ], [ -42.0892285, -10.4758024 ], [ -42.0836017, -10.4862359 ], [ -42.0689624, -10.4947767 ], [ -42.0723507, -10.5030273 ], [ -42.0637366, -10.5154243 ], [ -42.0647847, -10.5304453 ], [ -42.0482878, -10.5442497 ], [ -42.0358479, -10.5837671 ], [ -42.0217345, -10.5936685 ], [ -42.0154571, -10.606721 ], [ -42.0166788, -10.6256237 ], [ -42.0059784, -10.640404 ], [ -41.9982717, -10.6418214 ], [ -41.9159295, -10.6428364 ], [ -41.8219723, -10.6976998 ], [ -41.7690817, -10.7221523 ], [ -41.7444813, -10.7081265 ], [ -41.7319895, -10.7146075 ], [ -41.7139222, -10.7415271 ], [ -41.711131, -10.7617702 ], [ -41.7049555, -10.7671275 ], [ -41.6952465, -10.79331 ], [ -41.6734025, -10.8106343 ], [ -41.6627561, -10.8112044 ], [ -41.6587331, -10.8065479 ], [ -41.605909, -10.8095489 ], [ -41.5890731, -10.800533 ], [ -41.5749162, -10.7794321 ], [ -41.57144, -10.7559448 ], [ -41.5817016, -10.7538966 ], [ -41.5913384, -10.7312679 ], [ -41.5859847, -10.7204889 ], [ -41.5746346, -10.7162059 ], [ -41.5573835, -10.702524 ], [ -41.547604, -10.66707 ], [ -41.5329703, -10.6794195 ], [ -41.508576, -10.6704536 ], [ -41.4960799, -10.6515063 ], [ -41.5030286, -10.6319698 ], [ -41.4956518, -10.6183091 ], [ -41.4868433, -10.6328066 ], [ -41.4718093, -10.6282458 ], [ -41.4628382, -10.6031589 ], [ -41.4518535, -10.5952167 ], [ -41.4294557, -10.5880976 ], [ -41.427773699999989, -10.5767408 ], [ -41.4014881, -10.5736515 ], [ -41.3909798, -10.5658327 ], [ -41.3971691, -10.5495347 ], [ -41.3869676, -10.5347143 ], [ -41.3815222, -10.5187405 ], [ -41.4148106, -10.4996553 ], [ -41.4372016, -10.4901623 ], [ -41.4505881, -10.4893446 ], [ -41.473083, -10.4653731 ], [ -41.4521671, -10.4554114 ], [ -41.4467173, -10.4420013 ], [ -41.4286553, -10.433835 ], [ -41.4129952, -10.4321538 ], [ -41.3894194, -10.4158526 ], [ -41.378606, -10.4172489 ], [ -41.361611, -10.3915186 ], [ -41.3543199, -10.387797 ], [ -41.3614634, -10.3699721 ], [ -41.3334319, -10.3689833 ], [ -41.326683, -10.3554966 ], [ -41.288291, -10.3357447 ], [ -41.2800655, -10.3463582 ], [ -41.2645336, -10.3330732 ], [ -41.2427358, -10.3232566 ], [ -41.2420272, -10.3080953 ], [ -41.2332444, -10.2956203 ], [ -41.2232223, -10.2933795 ], [ -41.2056389, -10.2746469 ], [ -41.1802684, -10.2636865 ], [ -41.1687095, -10.252562 ], [ -41.1609112, -10.2378704 ], [ -41.152891, -10.2372582 ], [ -41.1440005, -10.2230027 ], [ -41.1596277, -10.2038428 ], [ -41.1714288, -10.1962837 ], [ -41.1617294, -10.1820332 ], [ -41.1577147, -10.1558245 ], [ -41.1669481, -10.1299703 ], [ -41.1599878, -10.1097537 ], [ -41.1798911, -10.1027686 ], [ -41.1896504, -10.0861287 ], [ -41.193231399999988, -10.0656175 ], [ -41.1817279, -10.0510932 ], [ -41.1802244, -10.0406555 ], [ -41.1694623, -10.0324291 ], [ -41.1708867, -10.0122649 ], [ -41.1786731, -10.0067334 ], [ -41.1921202, -10.0089715 ], [ -41.2015796, -9.9999118 ], [ -41.2224086, -9.9899094 ], [ -41.2446212, -9.985843 ], [ -41.2559217, -9.9741131 ], [ -41.2487885, -9.9500758 ], [ -41.2359995, -9.942854 ], [ -41.2360626, -9.926085 ], [ -41.2159542, -9.9334812 ], [ -41.2152204, -9.9537687 ], [ -41.2063449, -9.9515036 ], [ -41.1853583, -9.955664 ], [ -41.1570808, -9.9433896 ], [ -41.1436623, -9.9272811 ], [ -41.1211826, -9.9239536 ], [ -41.1181555, -9.9109402 ], [ -41.1051925, -9.9133038 ], [ -41.1062285, -9.9384868 ], [ -41.1002404, -9.9461043 ], [ -41.0835397, -9.9458587 ], [ -41.0585845, -9.9164167 ], [ -41.0425927, -9.9275095 ], [ -41.0327739, -9.914981 ], [ -41.0106449, -9.9031551 ], [ -40.9967917, -9.8861182 ], [ -40.9867552, -9.8970827 ], [ -40.9619855, -9.8845612 ], [ -40.9441081, -9.8831438 ], [ -40.9441101, -9.9135116 ], [ -40.9360495, -9.9119017 ], [ -40.927597, -9.8986413 ], [ -40.9156045, -9.8990339 ], [ -40.9040608, -9.9097165 ], [ -40.8915579, -9.913711 ], [ -40.8791847, -9.8934179 ], [ -40.8640895, -9.8893933 ], [ -40.831628, -9.8644707 ], [ -40.8280382, -9.844035 ], [ -40.8174084, -9.8428452 ], [ -40.8183176, -9.8696957 ], [ -40.8137513, -9.8713699 ], [ -40.6433264, -9.8868044 ], [ -40.5027422, -9.9711545 ], [ -40.4121828, -9.9735127 ], [ -40.3832217, -9.9441712 ], [ -40.3647308, -9.9331524 ], [ -40.3479683, -9.9288013 ], [ -40.3163848, -9.9078998 ], [ -40.2860699, -9.9457958 ], [ -40.2259581, -9.9213429 ], [ -40.1824424, -9.8873012 ], [ -40.1100436, -9.8582013 ], [ -39.9818821, -9.8046406 ], [ -39.9478176, -9.7945205 ], [ -39.9191768, -9.7907178 ], [ -39.9029084, -9.7816744 ], [ -39.9021587, -9.7642999 ], [ -39.8933913, -9.7404685 ], [ -39.8823411, -9.7458873 ], [ -39.873469, -9.7690268 ], [ -39.8636058, -9.7812863 ], [ -39.8623797, -9.7919348 ], [ -39.852542, -9.807088 ], [ -39.8400224, -9.8153773 ], [ -39.837772699999988, -9.8283462 ], [ -39.8232885, -9.8246973 ], [ -39.7957646, -9.8438103 ], [ -39.6857157, -9.7628357 ], [ -39.6628186, -9.750663 ], [ -39.6561897, -9.7405538 ], [ -39.6689216, -9.7291686 ], [ -39.6441021, -9.7068286 ], [ -39.6000655, -9.6996446 ], [ -39.3595727, -9.6156913 ], [ -39.371896, -9.5953179 ], [ -39.386383, -9.5781019 ], [ -39.4054818, -9.579841 ], [ -39.4151118, -9.5607682 ], [ -39.4134952, -9.5417864 ], [ -39.4284391, -9.5334862 ], [ -39.4363938, -9.5158719 ], [ -39.4453676, -9.5104365 ], [ -39.4434926, -9.4771982 ], [ -39.4339449, -9.4572659 ], [ -39.4106557, -9.4567141 ], [ -39.4043138, -9.4451009 ], [ -39.4100828, -9.4166993 ], [ -39.401958799999989, -9.3905406 ], [ -39.4079592, -9.3618873 ], [ -39.3960964, -9.3409234 ], [ -39.3893365, -9.3178215 ], [ -39.3675827, -9.3103067 ], [ -39.3641074, -9.2894856 ], [ -39.3573793, -9.287403 ], [ -39.3654778, -9.2525859 ], [ -39.3627247, -9.24466 ], [ -39.3723423, -9.226481 ], [ -39.360466699999989, -9.2103372 ], [ -39.3627009, -9.1793826 ], [ -39.3512429, -9.1572512 ], [ -39.4081685, -9.1331443 ], [ -39.4684681, -8.9762028 ], [ -39.4915724, -8.835854 ], [ -39.373572, -8.5632714 ], [ -39.356786, -8.547459 ] ] ] } },
{ "type": "Feature", "properties": { "name_micro": "LIVRAMENTO DO BRUMADO", "total_migrantes": 0, "populacao": 101458.0, "taxa_100k": 0.0, "ano": 2025.0 }, "geometry": { "type": "Polygon", "coordinates": [ [ [ -42.1252928, -13.018338 ], [ -42.1473746, -13.0152599 ], [ -42.1618592, -13.0010274 ], [ -42.1692824, -12.9822167 ], [ -42.1679771, -12.9597923 ], [ -42.1779425, -12.957706 ], [ -42.1889429, -12.9645925 ], [ -42.202237, -12.9646616 ], [ -42.212015699999988, -12.9835075 ], [ -42.2304466, -12.982823 ], [ -42.247547, -12.9771647 ], [ -42.2673467, -12.9919661 ], [ -42.2649648, -13.0037947 ], [ -42.2831382, -13.0195775 ], [ -42.2868548, -13.0308957 ], [ -42.3092193, -13.0283706 ], [ -42.3171492, -13.0363095 ], [ -42.3549276, -13.0339689 ], [ -42.3708906, -13.0410878 ], [ -42.3763478, -13.0556625 ], [ -42.358050399999989, -13.0723336 ], [ -42.3403831, -13.0749654 ], [ -42.337333, -13.1015377 ], [ -42.3224822, -13.1198118 ], [ -42.3092222, -13.1241795 ], [ -42.2965205, -13.1359552 ], [ -42.2819159, -13.1261309 ], [ -42.2773865, -13.1161119 ], [ -42.2634027, -13.1216664 ], [ -42.2477281, -13.107999 ], [ -42.2387534, -13.1172668 ], [ -42.2282207, -13.1149124 ], [ -42.2041645, -13.1300408 ], [ -42.1708706, -13.1845357 ], [ -42.1581504, -13.2266591 ], [ -42.1791206, -13.2265088 ], [ -42.1939671, -13.2475099 ], [ -42.1925426, -13.2694795 ], [ -42.2153202, -13.2922177 ], [ -42.2284296, -13.2991772 ], [ -42.2474133, -13.2966664 ], [ -42.2504848, -13.3105085 ], [ -42.2705344, -13.3374255 ], [ -42.2635797, -13.3440721 ], [ -42.2658497, -13.369648 ], [ -42.4058872, -13.4022053 ], [ -42.4630284, -13.4395434 ], [ -42.4508071, -13.4420367 ], [ -42.4530836, -13.4692218 ], [ -42.4458045, -13.4712521 ], [ -42.439403, -13.4902583 ], [ -42.440232, -13.5127619 ], [ -42.4350369, -13.5243033 ], [ -42.414668, -13.5375626 ], [ -42.4053403, -13.5798739 ], [ -42.3952501, -13.5893487 ], [ -42.3751134, -13.5880654 ], [ -42.3657526, -13.5927307 ], [ -42.3642242, -13.6116657 ], [ -42.3584141, -13.6262912 ], [ -42.3479093, -13.6286249 ], [ -42.3350948, -13.6228556 ], [ -42.3386218, -13.6126145 ], [ -42.3196724, -13.6113851 ], [ -42.3105387, -13.6025603 ], [ -42.3004778, -13.6082806 ], [ -42.2798462, -13.6101266 ], [ -42.2573646, -13.60756 ], [ -42.2493807, -13.6118926 ], [ -42.243853, -13.6351897 ], [ -42.2316494, -13.632177 ], [ -42.218409, -13.6453316 ], [ -42.2176868, -13.6553336 ], [ -42.203149, -13.6579358 ], [ -42.1928264, -13.6683565 ], [ -42.1786758, -13.6600187 ], [ -42.1593399, -13.6665757 ], [ -42.136903, -13.6850818 ], [ -42.1368879, -13.7011356 ], [ -42.170793, -13.6932521 ], [ -42.2212559, -13.7000053 ], [ -42.2655075, -13.7288132 ], [ -42.3080771, -13.7482716 ], [ -42.3350437, -13.7725145 ], [ -42.2855181, -13.7855455 ], [ -42.2739186, -13.8035528 ], [ -42.2513328, -13.8014695 ], [ -42.233151, -13.8338182 ], [ -42.2135823, -13.8505426 ], [ -42.1892286, -13.854046 ], [ -42.1734798, -13.8456668 ], [ -42.1491858, -13.8634205 ], [ -42.1485618, -13.9119248 ], [ -42.1520824, -13.9275084 ], [ -42.1404343, -13.9520312 ], [ -42.1338227, -13.9588601 ], [ -42.1350134, -13.97609 ], [ -42.1199231, -14.006053 ], [ -42.1072742, -14.0162147 ], [ -42.0968905, -14.0468045 ], [ -42.0869901, -14.0568576 ], [ -42.0651889, -14.0545911 ], [ -42.0406761, -14.0639608 ], [ -42.0202294, -14.0599468 ], [ -42.0138967, -14.0709325 ], [ -41.9970298, -14.0738059 ], [ -41.9813899, -14.071052 ], [ -41.9758257, -14.0568849 ], [ -41.9668551, -14.0599223 ], [ -41.9473959, -14.0531668 ], [ -41.8999652, -14.0536697 ], [ -41.8980053, -14.0373197 ], [ -41.8809811, -14.0308513 ], [ -41.8616946, -14.0050402 ], [ -41.8402985, -14.0037791 ], [ -41.8454696, -13.9850987 ], [ -41.8298361, -13.9743354 ], [ -41.8062442, -13.9865944 ], [ -41.7846801, -13.9928008 ], [ -41.7719868, -13.9835902 ], [ -41.7538013, -13.9904791 ], [ -41.7176284, -13.9774452 ], [ -41.7030832, -13.9814367 ], [ -41.682245, -13.99673 ], [ -41.6604395, -14.0010437 ], [ -41.5591635, -13.9443053 ], [ -41.5720765, -13.881539 ], [ -41.579667199999989, -13.8643825 ], [ -41.5996499, -13.8500621 ], [ -41.6044149, -13.8329873 ], [ -41.6192989, -13.8109109 ], [ -41.636903, -13.7988526 ], [ -41.6416467, -13.780164 ], [ -41.6551584, -13.76919 ], [ -41.6549703, -13.7619557 ], [ -41.6737066, -13.7516014 ], [ -41.6899233, -13.7352867 ], [ -41.6858106, -13.7154971 ], [ -41.7009902, -13.7065336 ], [ -41.7001119, -13.6995674 ], [ -41.711398, -13.6854923 ], [ -41.7254437, -13.6800282 ], [ -41.7481922, -13.662079 ], [ -41.7622567, -13.6609252 ], [ -41.7783736, -13.642529 ], [ -41.8020154, -13.6317241 ], [ -41.8092846, -13.6124894 ], [ -41.8181337, -13.6126454 ], [ -41.8367781, -13.6015764 ], [ -41.8597256, -13.5715015 ], [ -41.8881732, -13.555265 ], [ -41.9064906, -13.5483541 ], [ -41.929125, -13.5527987 ], [ -41.9463271, -13.5358023 ], [ -41.964709, -13.526876 ], [ -41.9656619, -13.5168929 ], [ -41.9547104, -13.4923914 ], [ -41.9673067, -13.4888571 ], [ -41.9686303, -13.4647897 ], [ -41.9561622, -13.4315063 ], [ -41.9537223, -13.4080712 ], [ -41.9491624, -13.4026846 ], [ -41.947585, -13.3433867 ], [ -41.9159942, -13.3341487 ], [ -41.909050199999989, -13.3111301 ], [ -41.900416, -13.3039613 ], [ -41.9143363, -13.2675433 ], [ -41.9317408, -13.252872 ], [ -41.9744576, -13.2414996 ], [ -41.9863269, -13.2335304 ], [ -41.9968927, -13.2154175 ], [ -42.0057523, -13.2102494 ], [ -42.0143253, -13.1894656 ], [ -42.0317204, -13.1775078 ], [ -42.0593531, -13.1812278 ], [ -42.0743157, -13.1512811 ], [ -42.0821982, -13.1523016 ], [ -42.1036563, -13.1327272 ], [ -42.1078742, -13.1196166 ], [ -42.1026957, -13.0974454 ], [ -42.1094185, -13.0765384 ], [ -42.1028556, -13.0678535 ], [ -42.1121719, -13.0443456 ], [ -42.1151146, -13.0267029 ], [ -42.1252928, -13.018338 ] ] ] } },
{ "type": "Feature", "properties": { "name_micro": "PAULO AFONSO", "total_migrantes": 0, "populacao": 183046.0, "taxa_100k": 0.0, "ano": 2025.0 }, "geometry": { "type": "Polygon", "coordinates": [ [ [ -38.0610389, -9.5876379 ], [ -38.0505111, -9.5885052 ], [ -38.0371628, -9.581027 ], [ -38.0372511, -9.5692134 ], [ -38.0209728, -9.5648579 ], [ -38.0225522, -9.540522 ], [ -38.003082899999988, -9.5146677 ], [ -37.9979494, -9.4992833 ], [ -38.0109255, -9.4787311 ], [ -38.0221548, -9.4699909 ], [ -38.0431631, -9.4685988 ], [ -38.0687031, -9.4563879 ], [ -38.0777597, -9.4411067 ], [ -38.1133817, -9.4361792 ], [ -38.1181198, -9.4422607 ], [ -38.1419281, -9.4377629 ], [ -38.1572696, -9.4403982 ], [ -38.1812518, -9.4258272 ], [ -38.2025689, -9.419828 ], [ -38.2029263, -9.4031779 ], [ -38.1941767, -9.3943858 ], [ -38.205573, -9.3636489 ], [ -38.2235974, -9.3469064 ], [ -38.2395412, -9.3271289 ], [ -38.2505456, -9.2904806 ], [ -38.2875128, -9.2171293 ], [ -38.2800893, -9.2011253 ], [ -38.2887076, -9.1721262 ], [ -38.3186587, -9.1410017 ], [ -38.3214018, -9.1168806 ], [ -38.3061239, -9.1016745 ], [ -38.320261, -9.0912903 ], [ -38.3261855, -9.0809563 ], [ -38.3210421, -9.0700337 ], [ -38.3037371, -9.0616433 ], [ -38.2899593, -9.0471618 ], [ -38.2896758, -9.0363344 ], [ -38.3027903, -9.0138683 ], [ -38.32354, -8.9900092 ], [ -38.3402373, -8.9904084 ], [ -38.3624418, -9.0009412 ], [ -38.3858988, -9.0248257 ], [ -38.4035158, -9.0372331 ], [ -38.4184041, -9.0380456 ], [ -38.4490997, -9.0263588 ], [ -38.4840428, -9.0010217 ], [ -38.5035127, -8.9814111 ], [ -38.5198111, -8.9475828 ], [ -38.5109605, -8.9251108 ], [ -38.4793182, -8.9017437 ], [ -38.4732929, -8.8895457 ], [ -38.4697975, -8.8642398 ], [ -38.4808098, -8.8493261 ], [ -38.5124067, -8.830586 ], [ -38.5518427, -8.8226294 ], [ -38.5704286, -8.8303691 ], [ -38.5899504, -8.8565392 ], [ -38.6038243, -8.8805906 ], [ -38.6075857, -8.893264 ], [ -38.6070123, -8.9175078 ], [ -38.6102769, -8.9573283 ], [ -38.6240985, -8.9800469 ], [ -38.635377, -8.9867293 ], [ -38.6575971, -8.9824777 ], [ -38.6743823, -8.9717568 ], [ -38.6892326, -8.9473956 ], [ -38.6941689, -8.924671 ], [ -38.6936588, -8.9029688 ], [ -38.698381, -8.881762 ], [ -38.706543499999988, -8.8622606 ], [ -38.717096399999988, -8.8531518 ], [ -38.7396837, -8.8448477 ], [ -38.7969895, -8.7934644 ], [ -38.8163043, -8.786181 ], [ -38.8681044, -8.7838654 ], [ -38.8847696, -8.7896049 ], [ -38.9279691, -8.7957671 ], [ -38.9519332, -8.8046682 ], [ -38.9670408, -8.7936641 ], [ -38.977432, -8.7930867 ], [ -38.9888707, -8.77169 ], [ -38.9993776, -8.7610923 ], [ -39.0236321, -8.7470439 ], [ -39.0335484, -8.7363133 ], [ -39.0702028, -8.7303116 ], [ -39.1021809, -8.7200477 ], [ -39.1439462, -8.7125191 ], [ -39.1566858, -8.7068094 ], [ -39.1674772, -8.6925388 ], [ -39.1809958, -8.7063009 ], [ -39.200781, -8.7109876 ], [ -39.234268, -8.7053364 ], [ -39.2454926, -8.6841059 ], [ -39.2466624, -8.6475905 ], [ -39.24188, -8.6363074 ], [ -39.2478833, -8.6249988 ], [ -39.2634051, -8.6152185 ], [ -39.2726983, -8.5964936 ], [ -39.2751598, -8.576825 ], [ -39.2864213, -8.5637598 ], [ -39.3124607, -8.5583115 ], [ -39.3451437, -8.5585006 ], [ -39.356786, -8.547459 ], [ -39.373572, -8.5632714 ], [ -39.4915724, -8.835854 ], [ -39.4684681, -8.9762028 ], [ -39.4081685, -9.1331443 ], [ -39.3512429, -9.1572512 ], [ -39.3627009, -9.1793826 ], [ -39.360466699999989, -9.2103372 ], [ -39.3723423, -9.226481 ], [ -39.3627247, -9.24466 ], [ -39.3654778, -9.2525859 ], [ -39.3573793, -9.287403 ], [ -39.3641074, -9.2894856 ], [ -39.3675827, -9.3103067 ], [ -39.3893365, -9.3178215 ], [ -39.3960964, -9.3409234 ], [ -39.4079592, -9.3618873 ], [ -39.401958799999989, -9.3905406 ], [ -39.4100828, -9.4166993 ], [ -39.4043138, -9.4451009 ], [ -39.4106557, -9.4567141 ], [ -39.4339449, -9.4572659 ], [ -39.4434926, -9.4771982 ], [ -39.4453676, -9.5104365 ], [ -39.4363938, -9.5158719 ], [ -39.4284391, -9.5334862 ], [ -39.4134952, -9.5417864 ], [ -39.4151118, -9.5607682 ], [ -39.4054818, -9.579841 ], [ -39.386383, -9.5781019 ], [ -39.371896, -9.5953179 ], [ -39.3595727, -9.6156913 ], [ -39.3308224, -9.5943626 ], [ -39.3075302, -9.6074754 ], [ -39.302483599999988, -9.6175947 ], [ -39.2809868, -9.6347026 ], [ -39.2714759, -9.6305378 ], [ -39.261157, -9.6377797 ], [ -39.2237003, -9.634628 ], [ -39.211209, -9.6449214 ], [ -39.1969345, -9.6387968 ], [ -39.1765608, -9.6364555 ], [ -39.1649076, -9.6463518 ], [ -39.1431395, -9.6529114 ], [ -39.1367821, -9.6471156 ], [ -39.1173278, -9.6457453 ], [ -39.1100528, -9.6256943 ], [ -38.9652883, -9.6391201 ], [ -38.8865011, -9.6337654 ], [ -38.8611295, -9.6307324 ], [ -38.8344173, -9.6379139 ], [ -38.8232125, -9.6490072 ], [ -38.8089892, -9.6547086 ], [ -38.7847894, -9.6468173 ], [ -38.548946, -9.6854742 ], [ -38.487785, -9.7125109 ], [ -38.4795744, -9.7087318 ], [ -38.4584567, -9.7089341 ], [ -38.4429843, -9.6986111 ], [ -38.3636533, -9.7068404 ], [ -38.3514063, -9.6786891 ], [ -38.3374545, -9.6751893 ], [ -38.3081578, -9.6610508 ], [ -38.3013843, -9.6639041 ], [ -38.285333, -9.6906314 ], [ -38.2248159, -9.6744712 ], [ -38.1945042, -9.6771531 ], [ -38.1758737, -9.6696368 ], [ -38.1573725, -9.677565 ], [ -38.1484371, -9.6495849 ], [ -38.1365338, -9.6402895 ], [ -38.1262513, -9.6458033 ], [ -38.1227816, -9.620405 ], [ -38.1002872, -9.6096303 ], [ -38.0916668, -9.6108938 ], [ -38.0840599, -9.5991481 ], [ -38.0610389, -9.5876379 ] ] ] } },
{ "type": "Feature", "properties": { "name_micro": "PORTO SEGURO", "total_migrantes": 190, "populacao": 842575.0, "taxa_100k": 2.2549921371984691, "ano": 2025.0 }, "geometry": { "type": "Polygon", "coordinates": [ [ [ -39.9147979, -15.9999934 ], [ -39.9356862, -16.0237479 ], [ -39.9221984, -16.0286254 ], [ -39.8994433, -16.0496077 ], [ -39.9002432, -16.0587777 ], [ -39.8839275, -16.0659895 ], [ -39.8766879, -16.0781688 ], [ -39.8782433, -16.0890854 ], [ -39.8666057, -16.0955966 ], [ -39.8568289, -16.1138248 ], [ -39.8607977, -16.1247259 ], [ -39.8842753, -16.1448936 ], [ -39.8833906, -16.194693 ], [ -39.9001858, -16.2030497 ], [ -39.9357404, -16.2438623 ], [ -39.9201017, -16.2637394 ], [ -39.9166783, -16.2838428 ], [ -39.9326577, -16.2836035 ], [ -39.9392414, -16.2937925 ], [ -39.9512057, -16.2971255 ], [ -39.9604959, -16.3218827 ], [ -39.9807417, -16.3110096 ], [ -39.9900692, -16.3121802 ], [ -39.9955235, -16.3306658 ], [ -40.0112419, -16.3401249 ], [ -40.0258067, -16.3664681 ], [ -40.0324989, -16.3919979 ], [ -40.0418847, -16.4056794 ], [ -40.0455701, -16.4220389 ], [ -40.0618764, -16.431335 ], [ -40.0657978, -16.4575202 ], [ -40.0794094, -16.4642299 ], [ -40.0970479, -16.4480467 ], [ -40.1033027, -16.4370103 ], [ -40.1421163, -16.4978557 ], [ -40.1703531, -16.5247991 ], [ -40.1686805, -16.5389872 ], [ -40.1545259, -16.5603147 ], [ -40.1604576, -16.5709619 ], [ -40.172852899999988, -16.5774368 ], [ -40.1983332, -16.5702919 ], [ -40.2129397, -16.5726344 ], [ -40.2298106, -16.5614449 ], [ -40.2603781, -16.5743964 ], [ -40.2754901, -16.5734177 ], [ -40.2876387, -16.6006269 ], [ -40.298248, -16.652466 ], [ -40.3129879, -16.6754341 ], [ -40.3110466, -16.6958388 ], [ -40.3030011, -16.7036876 ], [ -40.3105801, -16.7192888 ], [ -40.3097988, -16.7332627 ], [ -40.3328581, -16.7695474 ], [ -40.3354779, -16.7882352 ], [ -40.3236055, -16.8012692 ], [ -40.2946597, -16.7966253 ], [ -40.2827989, -16.8039886 ], [ -40.26913, -16.7957593 ], [ -40.2584942, -16.8056763 ], [ -40.25847, -16.8207235 ], [ -40.2508293, -16.8311547 ], [ -40.2517197, -16.8584308 ], [ -40.266026, -16.8603134 ], [ -40.2816371, -16.9011836 ], [ -40.2954124, -16.9037149 ], [ -40.3027738, -16.8922436 ], [ -40.3156097, -16.905286 ], [ -40.331523, -16.9080273 ], [ -40.3483021, -16.8880441 ], [ -40.3648774, -16.8746222 ], [ -40.3780513, -16.8865044 ], [ -40.3999648, -16.8885533 ], [ -40.4061059, -16.8986015 ], [ -40.4176069, -16.8992673 ], [ -40.4266074, -16.8897302 ], [ -40.44427, -16.8935237 ], [ -40.4603851, -16.8784552 ], [ -40.4801726, -16.8768086 ], [ -40.492326899999988, -16.8873987 ], [ -40.490991, -16.8961206 ], [ -40.4971418, -16.9173327 ], [ -40.5058283, -16.9308712 ], [ -40.5159402, -16.9627153 ], [ -40.5434964, -16.9827669 ], [ -40.555578, -17.0133992 ], [ -40.559856, -17.0416056 ], [ -40.5716663, -17.0658815 ], [ -40.5704993, -17.080231 ], [ -40.5567855, -17.089602 ], [ -40.5623029, -17.1233459 ], [ -40.5791587, -17.1482483 ], [ -40.5777459, -17.16796 ], [ -40.5725269, -17.1823691 ], [ -40.5538612, -17.1890303 ], [ -40.5540605, -17.2034947 ], [ -40.561544, -17.2092121 ], [ -40.5588566, -17.2315394 ], [ -40.5712527, -17.252958 ], [ -40.5640307, -17.257297 ], [ -40.5619734, -17.2725072 ], [ -40.5503447, -17.2790747 ], [ -40.5550815, -17.2885246 ], [ -40.572244, -17.2947661 ], [ -40.582218, -17.3111181 ], [ -40.5948417, -17.3235648 ], [ -40.6090252, -17.3269684 ], [ -40.6024459, -17.341404 ], [ -40.6046846, -17.3561943 ], [ -40.598937199999988, -17.3645381 ], [ -40.5993781, -17.391819 ], [ -40.6226072, -17.4032931 ], [ -40.6093295, -17.4174093 ], [ -40.5975065, -17.4206333 ], [ -40.5774706, -17.4136182 ], [ -40.567467, -17.4176949 ], [ -40.5541591, -17.4355679 ], [ -40.5293373, -17.4448629 ], [ -40.4954392, -17.4867316 ], [ -40.4824147, -17.4925902 ], [ -40.4890624, -17.5197897 ], [ -40.4751989, -17.5337778 ], [ -40.4592264, -17.5694924 ], [ -40.4451001, -17.5787677 ], [ -40.4281293, -17.5667089 ], [ -40.4137922, -17.5741663 ], [ -40.4182146, -17.5990974 ], [ -40.4144692, -17.6100964 ], [ -40.4034729, -17.6115192 ], [ -40.3968117, -17.6256053 ], [ -40.3799343, -17.6113093 ], [ -40.3678069, -17.6184217 ], [ -40.3614456, -17.6366708 ], [ -40.3487419, -17.631412 ], [ -40.334049, -17.6321484 ], [ -40.3235145, -17.6407564 ], [ -40.3228247, -17.6613147 ], [ -40.3090038, -17.6650442 ], [ -40.2990206, -17.6745676 ], [ -40.2955147, -17.6994936 ], [ -40.2862421, -17.7007226 ], [ -40.28269, -17.7182506 ], [ -40.2726784, -17.7273694 ], [ -40.2559053, -17.7195462 ], [ -40.2402077, -17.7349232 ], [ -40.2239778, -17.7337737 ], [ -40.2138373, -17.7524359 ], [ -40.2178226, -17.7700813 ], [ -40.2143862, -17.7769434 ], [ -40.2180757, -17.795659 ], [ -40.2045178, -17.8053295 ], [ -40.1979344, -17.827995 ], [ -40.1816608, -17.8359752 ], [ -40.1741273, -17.8515612 ], [ -40.2126577, -17.8957941 ], [ -40.2635475, -17.9220233 ], [ -40.2597997, -17.9400218 ], [ -40.2394041, -17.9540034 ], [ -40.2268229, -17.9582598 ], [ -40.2223506, -17.9804174 ], [ -40.0614836, -18.0836437 ], [ -39.9111375, -18.1794402 ], [ -39.6889474, -18.3208315 ], [ -39.6630558, -18.3312954 ], [ -39.652295, -18.294974 ], [ -39.652987, -18.286466 ], [ -39.637768, -18.2486945 ], [ -39.6354174, -18.2323011 ], [ -39.6092804, -18.184601 ], [ -39.5884373, -18.150553 ], [ -39.5630802, -18.116548 ], [ -39.5489602, -18.101856 ], [ -39.5451459, -18.0857902 ], [ -39.5159075, -18.0337828 ], [ -39.4976912, -18.0064787 ], [ -39.4600147, -17.9622544 ], [ -39.4257259, -17.9331471 ], [ -39.4071005, -17.9222624 ], [ -39.3634503, -17.9063023 ], [ -39.3644416, -17.890754 ], [ -39.3303059, -17.8933326 ], [ -39.3180579, -17.8911319 ], [ -39.2795248, -17.8727159 ], [ -39.2676648, -17.8629251 ], [ -39.2670989, -17.8493991 ], [ -39.2530841, -17.8204039 ], [ -39.2293085, -17.7934856 ], [ -39.2069424, -17.7742318 ], [ -39.2037422, -17.7610636 ], [ -39.208052, -17.747346 ], [ -39.1912088, -17.7421445 ], [ -39.1380437, -17.6932885 ], [ -39.1398466, -17.680305 ], [ -39.1644059, -17.6481121 ], [ -39.1842986, -17.6145922 ], [ -39.1936953, -17.5809841 ], [ -39.1878752, -17.5706619 ], [ -39.1911859, -17.5273661 ], [ -39.1924365, -17.4408281 ], [ -39.2055859, -17.4024201 ], [ -39.2029482, -17.3963633 ], [ -39.2176297, -17.3346221 ], [ -39.2210726, -17.3017741 ], [ -39.2194741, -17.2656582 ], [ -39.2129101, -17.2394895 ], [ -39.2141866, -17.22581 ], [ -39.2120619, -17.1612608 ], [ -39.19803, -17.1271658 ], [ -39.182016, -17.1123553 ], [ -39.1802249, -17.0798404 ], [ -39.1714432, -17.0369372 ], [ -39.1721848, -17.0130467 ], [ -39.155532, -16.9803552 ], [ -39.1514591, -16.9422489 ], [ -39.1273037, -16.9083984 ], [ -39.1112265, -16.8958235 ], [ -39.1301124, -16.8842563 ], [ -39.1418542, -16.8687203 ], [ -39.1449821, -16.8443514 ], [ -39.145462, -16.8088443 ], [ -39.1397053, -16.7534281 ], [ -39.127697, -16.7468162 ], [ -39.1263403, -16.732091 ], [ -39.1038385, -16.6980944 ], [ -39.104805, -16.6843501 ], [ -39.1005603, -16.6598932 ], [ -39.0900501, -16.6284817 ], [ -39.0943721, -16.6091313 ], [ -39.0875602, -16.5909085 ], [ -39.0863093, -16.5547614 ], [ -39.0619291, -16.473407 ], [ -39.0621153, -16.435783 ], [ -39.0405003, -16.3970261 ], [ -39.0275696, -16.3819502 ], [ -39.0087732, -16.3749211 ], [ -39.0126799, -16.3516543 ], [ -39.0060608, -16.3327553 ], [ -39.0204055, -16.3239733 ], [ -39.0235316, -16.3118057 ], [ -39.0218557, -16.2853373 ], [ -39.0100437, -16.2518326 ], [ -39.0110638, -16.2457858 ], [ -38.9895333, -16.2203829 ], [ -38.974687, -16.2138698 ], [ -38.9717695, -16.19868 ], [ -38.9584718, -16.1800918 ], [ -38.9584712, -16.171123 ], [ -38.9481067, -16.1556665 ], [ -38.9559691, -16.1354772 ], [ -38.9520495, -16.0969527 ], [ -38.9484078, -16.0923872 ], [ -39.1505194, -16.0522443 ], [ -39.1632883, -16.0660942 ], [ -39.1947162, -16.0733055 ], [ -39.2302509, -16.091195 ], [ -39.2794967, -16.1321865 ], [ -39.3030913, -16.1109936 ], [ -39.3689586, -16.1236363 ], [ -39.3989455, -16.098826 ], [ -39.4122439, -16.0827849 ], [ -39.4260899, -16.08403 ], [ -39.4330408, -16.0768142 ], [ -39.4695275, -16.0943713 ], [ -39.4683872, -16.0874465 ], [ -39.4864954, -16.0598817 ], [ -39.5564698, -16.0319802 ], [ -39.608864, -16.0224192 ], [ -39.6157703, -16.0072183 ], [ -39.7497651, -15.9718564 ], [ -39.7853789, -15.968712 ], [ -39.8032347, -15.9712233 ], [ -39.8141781, -15.9798133 ], [ -39.8433148, -15.9765811 ], [ -39.8575436, -15.9841978 ], [ -39.8640329, -15.9959892 ], [ -39.9147979, -15.9999934 ] ] ] } },
{ "type": "Feature", "properties": { "name_micro": "RIBEIRA DO POMBAL", "total_migrantes": 0, "populacao": 314353.0, "taxa_100k": 0.0, "ano": 2025.0 }, "geometry": { "type": "Polygon", "coordinates": [ [ [ -38.5823217, -10.2823743 ], [ -38.5865821, -10.2929706 ], [ -38.57634, -10.3132794 ], [ -38.5789899, -10.3333595 ], [ -38.6134597, -10.348927 ], [ -38.6252349, -10.3595548 ], [ -38.643939, -10.3643496 ], [ -38.6518396, -10.3785263 ], [ -38.6401656, -10.3843773 ], [ -38.6340694, -10.4158737 ], [ -38.6267807, -10.422782 ], [ -38.622091499999989, -10.4386484 ], [ -38.6355456, -10.4445071 ], [ -38.6393782, -10.4532082 ], [ -38.6327205, -10.4671466 ], [ -38.6561399, -10.4848615 ], [ -38.669911, -10.4823761 ], [ -38.6799263, -10.4872648 ], [ -38.6853158, -10.5003962 ], [ -38.7010475, -10.5059175 ], [ -38.7007872, -10.5286495 ], [ -38.7051046, -10.5649739 ], [ -38.7159162, -10.5648265 ], [ -38.7178938, -10.5762747 ], [ -38.7289426, -10.5868603 ], [ -38.7404513, -10.6067061 ], [ -38.757255, -10.6108435 ], [ -38.7856684, -10.6323796 ], [ -38.7774328, -10.6454752 ], [ -38.7488102, -10.639025 ], [ -38.7405368, -10.6471777 ], [ -38.7403172, -10.6939805 ], [ -38.7319641, -10.7007215 ], [ -38.733308699999988, -10.7177374 ], [ -38.758772199999989, -10.7330502 ], [ -38.7719202, -10.7576901 ], [ -38.7751752, -10.7739045 ], [ -38.7624507, -10.7983961 ], [ -38.7111418, -10.8900441 ], [ -38.6676106, -10.8992644 ], [ -38.625315, -10.9402274 ], [ -38.5939552, -10.9884418 ], [ -38.5937668, -11.0255098 ], [ -38.5766691, -11.061738 ], [ -38.5560861, -11.0761575 ], [ -38.5690432, -11.0958409 ], [ -38.5657185, -11.1161138 ], [ -38.5589349, -11.1272423 ], [ -38.5729401, -11.1413437 ], [ -38.588459, -11.143701 ], [ -38.6108175, -11.1372132 ], [ -38.6177218, -11.1651573 ], [ -38.6260564, -11.1858156 ], [ -38.7741465, -11.3563555 ], [ -38.621963, -11.4110112 ], [ -38.6434902, -11.4101803 ], [ -38.6625598, -11.424698 ], [ -38.6645306, -11.4308 ], [ -38.6409817, -11.4407139 ], [ -38.5708812, -11.4637533 ], [ -38.57086, -11.4917903 ], [ -38.5564841, -11.4846104 ], [ -38.53359, -11.4881296 ], [ -38.5090651, -11.4880474 ], [ -38.496324, -11.4918927 ], [ -38.4634355, -11.5135085 ], [ -38.4431063, -11.5340592 ], [ -38.4271365, -11.544464 ], [ -38.4167687, -11.5344158 ], [ -38.4045869, -11.5359202 ], [ -38.3975233, -11.5574153 ], [ -38.3564204, -11.5901302 ], [ -38.3384147, -11.5930118 ], [ -38.3014965, -11.626247 ], [ -38.2914013, -11.5865691 ], [ -38.2777263, -11.4901469 ], [ -38.2638326, -11.423965 ], [ -38.2592192, -11.4108391 ], [ -38.2413542, -11.3864269 ], [ -38.2387793, -11.3730547 ], [ -38.2195094, -11.3551462 ], [ -38.2074304, -11.3521829 ], [ -38.1777119, -11.36579 ], [ -38.1682836, -11.3804595 ], [ -38.146675, -11.3931904 ], [ -38.14121, -11.4089209 ], [ -38.121002, -11.4256708 ], [ -38.1055615, -11.4256702 ], [ -38.0988923, -11.4411204 ], [ -38.0820698, -11.4580219 ], [ -38.0798946, -11.442016 ], [ -38.0614539, -11.4356971 ], [ -38.0448869, -11.4255739 ], [ -38.0257771, -11.3985767 ], [ -38.0364499, -11.3903058 ], [ -38.0282129, -11.3780665 ], [ -38.0134067, -11.3687435 ], [ -37.9942438, -11.343396 ], [ -37.9883454, -11.329544 ], [ -37.991652, -11.3128427 ], [ -38.001434599999989, -11.3030461 ], [ -38.0055893, -11.2864175 ], [ -37.9873256, -11.2714423 ], [ -37.9958432, -11.2594299 ], [ -37.9835051, -11.2489706 ], [ -37.9937213, -11.2397845 ], [ -37.9902162, -11.227724 ], [ -37.9774363, -11.2215034 ], [ -37.9813146, -11.1992044 ], [ -38.0031321, -11.1936968 ], [ -38.0228284, -11.1784095 ], [ -38.0468815, -11.1816385 ], [ -38.0657542, -11.1590758 ], [ -38.0713201, -11.1428161 ], [ -38.0653043, -11.1239531 ], [ -38.0888157, -11.1156777 ], [ -38.0860909, -11.0978934 ], [ -38.0751149, -11.0770939 ], [ -38.0911, -11.0515213 ], [ -38.1019848, -11.0444733 ], [ -38.1017882, -11.0166705 ], [ -38.1209504, -11.0072663 ], [ -38.1277399, -11.0191118 ], [ -38.1443293, -11.0015973 ], [ -38.1687085, -10.9896678 ], [ -38.1863727, -10.9614634 ], [ -38.1806156, -10.9427672 ], [ -38.202109, -10.9354311 ], [ -38.1990876, -10.9282627 ], [ -38.2214594, -10.9206466 ], [ -38.2281683, -10.9141839 ], [ -38.2285117, -10.9001872 ], [ -38.2364172, -10.882031 ], [ -38.23636, -10.852588 ], [ -38.2323123, -10.8405271 ], [ -38.2450037, -10.8228694 ], [ -38.2345097, -10.8122607 ], [ -38.2368966, -10.7970735 ], [ -38.2175642, -10.779164 ], [ -38.2092445, -10.7580612 ], [ -38.21464, -10.7472407 ], [ -38.2164488, -10.7271993 ], [ -38.2093199, -10.7120748 ], [ -38.1768046, -10.7055503 ], [ -38.1483934, -10.7172912 ], [ -38.1174687, -10.7165885 ], [ -38.0984035, -10.712438 ], [ -38.067792, -10.7156658 ], [ -38.0468409, -10.7035495 ], [ -38.0318754, -10.7079966 ], [ -38.0337475, -10.7247024 ], [ -38.025668599999989, -10.7254687 ], [ -37.9768025, -10.7579327 ], [ -37.9641892, -10.7575683 ], [ -37.9528941, -10.7501022 ], [ -37.9454812, -10.7565173 ], [ -37.9240948, -10.7348726 ], [ -37.9096224, -10.7155103 ], [ -37.8682963, -10.7029944 ], [ -37.847510299999989, -10.6992649 ], [ -37.830510499999988, -10.6823984 ], [ -37.8098934, -10.6858484 ], [ -37.814047099999989, -10.6698198 ], [ -37.8038085, -10.6513347 ], [ -37.811388, -10.6254044 ], [ -37.8070687, -10.600505 ], [ -37.8172014, -10.5864131 ], [ -37.8308481, -10.5850482 ], [ -37.8325709, -10.5611072 ], [ -37.8290012, -10.5405398 ], [ -37.8126692, -10.5091287 ], [ -37.8211693, -10.4833776 ], [ -37.8477318, -10.4434917 ], [ -37.8627608, -10.4403325 ], [ -37.8910095, -10.4415703 ], [ -37.9087359, -10.447624 ], [ -37.9187886, -10.438978 ], [ -37.9374766, -10.4472182 ], [ -37.9540118, -10.4381186 ], [ -37.9788259, -10.4344714 ], [ -38.0136293, -10.4415392 ], [ -38.0248541, -10.4510327 ], [ -38.058871, -10.4355233 ], [ -38.0880521, -10.4376062 ], [ -38.1102305, -10.4509507 ], [ -38.1235001, -10.44992 ], [ -38.1497924, -10.4572864 ], [ -38.2373229, -10.3805665 ], [ -38.2528066, -10.3142118 ], [ -38.4037433, -10.308468 ], [ -38.4328992, -10.306198 ], [ -38.4426269, -10.2975242 ], [ -38.478478, -10.3109421 ], [ -38.4853938, -10.3217459 ], [ -38.4991434, -10.3163545 ], [ -38.5058394, -10.3063282 ], [ -38.5211276, -10.3076502 ], [ -38.5329107, -10.2891823 ], [ -38.5605447, -10.2764444 ], [ -38.5823217, -10.2823743 ] ] ] } },
{ "type": "Feature", "properties": { "name_micro": "SALVADOR", "total_migrantes": 1640, "populacao": 3501851.0, "taxa_100k": 4.6832375220990272, "ano": 2025.0 }, "geometry": { "type": "Polygon", "coordinates": [ [ [ -38.7975435, -13.1374721 ], [ -38.7622769, -13.1189343 ], [ -38.7459235, -13.0914324 ], [ -38.7355399, -13.0896145 ], [ -38.7242515, -13.0720735 ], [ -38.7126181, -13.0611023 ], [ -38.6896492, -13.0519082 ], [ -38.6722429, -13.0377409 ], [ -38.6556251, -13.0320789 ], [ -38.6433387, -13.0153131 ], [ -38.5337983, -13.0103059 ], [ -38.4927421, -13.011665 ], [ -38.468747, -13.0148817 ], [ -38.4403971, -12.9961845 ], [ -38.4322395, -12.9864332 ], [ -38.3850267, -12.9560078 ], [ -38.364418, -12.9507095 ], [ -38.3535377, -12.9570588 ], [ -38.334754, -12.9449328 ], [ -38.3175291, -12.9283734 ], [ -38.2799207, -12.8803754 ], [ -38.2690102, -12.8761757 ], [ -38.243694, -12.8524768 ], [ -38.2323864, -12.8361044 ], [ -38.210597899999989, -12.8145742 ], [ -38.1901922, -12.7851904 ], [ -38.167211, -12.7615482 ], [ -38.1044022, -12.687729 ], [ -38.0906247, -12.6773046 ], [ -38.0741028, -12.6565458 ], [ -38.048115, -12.6360524 ], [ -38.0408934, -12.6104278 ], [ -38.0302228, -12.5971982 ], [ -38.0463576, -12.5807944 ], [ -38.0412362, -12.5717278 ], [ -38.0539089, -12.5629447 ], [ -38.0681896, -12.5367523 ], [ -38.0633125, -12.5283034 ], [ -38.0731755, -12.5022711 ], [ -38.0650725, -12.4966971 ], [ -38.0640854, -12.4845927 ], [ -38.078518099999989, -12.4693569 ], [ -38.1008847, -12.4835244 ], [ -38.0966379, -12.5015916 ], [ -38.1225844, -12.5084544 ], [ -38.1408924, -12.4976565 ], [ -38.1494927, -12.5022646 ], [ -38.160656, -12.4907084 ], [ -38.1769767, -12.4882603 ], [ -38.181855, -12.479704 ], [ -38.172353, -12.4681444 ], [ -38.1940315, -12.4530614 ], [ -38.2120291, -12.4590498 ], [ -38.224820699999988, -12.4767031 ], [ -38.244451, -12.4717068 ], [ -38.2421167, -12.4871519 ], [ -38.2478377, -12.4976996 ], [ -38.2391263, -12.5156084 ], [ -38.223638, -12.5247323 ], [ -38.2229519, -12.5453651 ], [ -38.2142748, -12.555881 ], [ -38.2217529, -12.5666648 ], [ -38.2514387, -12.5771117 ], [ -38.2532488, -12.600179 ], [ -38.2789944, -12.6111419 ], [ -38.2876521, -12.6012243 ], [ -38.3044937, -12.5963393 ], [ -38.320435, -12.5771462 ], [ -38.3358458, -12.5801033 ], [ -38.3463536, -12.5743617 ], [ -38.3499135, -12.5563804 ], [ -38.3423024, -12.5437229 ], [ -38.3548881, -12.5357729 ], [ -38.3813904, -12.5393108 ], [ -38.3955641, -12.5509008 ], [ -38.3865639, -12.5566944 ], [ -38.3670272, -12.5904411 ], [ -38.3725122, -12.5997806 ], [ -38.3942967, -12.6080892 ], [ -38.4001749, -12.598969 ], [ -38.4159258, -12.6013147 ], [ -38.4302434, -12.6100038 ], [ -38.4536026, -12.6017855 ], [ -38.463781, -12.6081298 ], [ -38.490262, -12.5924929 ], [ -38.5034693, -12.5947592 ], [ -38.5557487, -12.6205999 ], [ -38.5607333, -12.6302333 ], [ -38.5793368, -12.6318389 ], [ -38.6208359, -12.5542541 ], [ -38.6416005, -12.5702594 ], [ -38.6514986, -12.5538478 ], [ -38.6627398, -12.5491671 ], [ -38.6862542, -12.5569691 ], [ -38.6966088, -12.5912688 ], [ -38.7099539, -12.5949787 ], [ -38.7111794, -12.6096225 ], [ -38.7179881, -12.6148704 ], [ -38.7182633, -12.6416892 ], [ -38.6853559, -12.6846919 ], [ -38.6854413, -12.7218081 ], [ -38.6933005, -12.744694 ], [ -38.699264, -12.7865916 ], [ -38.6985718, -12.800589 ], [ -38.7091585, -12.828031 ], [ -38.7186755, -12.840426 ], [ -38.72066, -12.8562912 ], [ -38.7051255, -12.8714989 ], [ -38.7031587, -12.883971 ], [ -38.7084449, -12.9013133 ], [ -38.7234874, -12.9253452 ], [ -38.7323945, -12.9480704 ], [ -38.754642, -12.9694435 ], [ -38.7775597, -13.0001867 ], [ -38.7876902, -13.0221661 ], [ -38.7882276, -13.0423352 ], [ -38.8012838, -13.0615354 ], [ -38.8012139, -13.0948436 ], [ -38.8049044, -13.1216594 ], [ -38.7975435, -13.1374721 ] ] ] } },
{ "type": "Feature", "properties": { "name_micro": "SANTA MARIA DA VITORIA", "total_migrantes": 0, "populacao": 188184.0, "taxa_100k": 0.0, "ano": 2025.0 }, "geometry": { "type": "Polygon", "coordinates": [ [ [ -43.536422, -12.6368587 ], [ -43.830923, -12.6871257 ], [ -43.9451504, -12.7048309 ], [ -43.9675958, -12.7198376 ], [ -44.0131243, -12.7445451 ], [ -44.0216531, -12.7550066 ], [ -44.0382399, -12.7599977 ], [ -44.0528218, -12.7580696 ], [ -44.0813817, -12.7701517 ], [ -44.1289604, -12.7586147 ], [ -44.1791683, -12.7412156 ], [ -44.171841099999988, -12.7508488 ], [ -44.1721769, -12.7634986 ], [ -44.1519358, -12.7761926 ], [ -44.1565278, -12.7876524 ], [ -44.1538863, -12.8035936 ], [ -44.1738834, -12.8206888 ], [ -44.1682119, -12.8391447 ], [ -44.1683298, -12.8602757 ], [ -44.1819549, -12.8764874 ], [ -44.200376, -12.8762748 ], [ -44.2377362, -12.8855648 ], [ -44.2488486, -12.9090356 ], [ -44.2360749, -12.9108815 ], [ -44.243237, -12.9358383 ], [ -44.2414038, -12.9532205 ], [ -44.2555061, -12.9595838 ], [ -44.2561777, -12.9812624 ], [ -44.2666413, -12.9952124 ], [ -44.2844353, -12.9965758 ], [ -44.2938469, -13.017581 ], [ -44.3059601, -13.0272029 ], [ -44.3037264, -13.0398315 ], [ -44.3119737, -13.0539206 ], [ -44.3068192, -13.0745388 ], [ -44.3204134, -13.0927326 ], [ -44.3317214, -13.0945813 ], [ -44.3421062, -13.1183054 ], [ -44.5505944, -12.9428398 ], [ -44.555405, -12.959441 ], [ -44.5691131, -12.9765771 ], [ -44.5809813, -12.9784954 ], [ -44.5862991, -12.9688284 ], [ -44.6010192, -12.9601479 ], [ -44.611829, -12.9605259 ], [ -44.6201787, -12.9719545 ], [ -44.6159988, -12.9920002 ], [ -44.6202718, -13.0138551 ], [ -44.6373698, -13.0217638 ], [ -44.6498469, -13.0438185 ], [ -44.6639244, -13.046937 ], [ -44.7033699, -13.0734998 ], [ -44.7146829, -13.0771657 ], [ -44.7216629, -13.0501043 ], [ -44.7473172, -13.0342192 ], [ -44.7555378, -13.0207093 ], [ -44.778394, -13.0106409 ], [ -44.7872554, -12.9899515 ], [ -44.8055535, -12.9964413 ], [ -44.8249427, -12.9947369 ], [ -44.839533, -13.00293 ], [ -44.8496481, -13.0015977 ], [ -44.8766422, -13.013599 ], [ -44.8952687, -13.0142248 ], [ -44.9406746, -13.0258744 ], [ -44.9919613, -13.0508579 ], [ -45.0343509, -13.060573 ], [ -45.0456833, -13.0706394 ], [ -45.0654127, -13.0765111 ], [ -45.0815794, -13.0765074 ], [ -45.1048543, -13.0849693 ], [ -45.1173589, -13.0939333 ], [ -45.1291192, -13.0924447 ], [ -45.1534486, -13.1064501 ], [ -45.1764031, -13.1123412 ], [ -45.1946325, -13.1244985 ], [ -45.2155576, -13.1300213 ], [ -45.2394683, -13.1324968 ], [ -45.2690546, -13.1307468 ], [ -45.3167674, -13.1413355 ], [ -45.3238855, -13.1496023 ], [ -45.3684028, -13.151897 ], [ -45.3943011, -13.1656763 ], [ -45.4110729, -13.1683121 ], [ -45.4273391, -13.1569753 ], [ -45.4449179, -13.153957 ], [ -45.4912469, -13.164198 ], [ -45.5560205, -13.1921808 ], [ -45.5828162, -13.1849038 ], [ -45.6090423, -13.1849695 ], [ -45.63197, -13.1967519 ], [ -45.6569561, -13.2023701 ], [ -45.6687302, -13.2085768 ], [ -45.6883324, -13.2103324 ], [ -45.7002299, -13.2189668 ], [ -45.7309482, -13.2345306 ], [ -45.7584526, -13.2357561 ], [ -45.7836527, -13.2471423 ], [ -45.8271035, -13.2533497 ], [ -45.8536886, -13.2632713 ], [ -45.8790104, -13.2786201 ], [ -45.8938023, -13.2819447 ], [ -45.9210251, -13.2947661 ], [ -45.931578, -13.2965387 ], [ -46.0769825, -13.3854987 ], [ -46.2018106, -13.4620736 ], [ -46.2089639, -13.4655628 ], [ -46.212896, -13.4722971 ], [ -46.233156, -13.4817453 ], [ -46.2257335, -13.4935343 ], [ -46.2255154, -13.5051073 ], [ -46.2472571, -13.5216887 ], [ -46.2374522, -13.5445555 ], [ -46.24138, -13.5713861 ], [ -46.2317192, -13.5832136 ], [ -46.2219824, -13.5767705 ], [ -46.1996428, -13.5725394 ], [ -46.1872551, -13.5754193 ], [ -46.1656136, -13.5929065 ], [ -46.1627454, -13.6036421 ], [ -46.1884036, -13.6222711 ], [ -46.2163979, -13.6359857 ], [ -46.236944799999989, -13.658648 ], [ -46.2561978, -13.6841624 ], [ -46.23577, -13.7010531 ], [ -46.2392532, -13.7181762 ], [ -46.2551556, -13.7246863 ], [ -46.2543136, -13.7350417 ], [ -46.2360717, -13.7498423 ], [ -46.2229368, -13.7654029 ], [ -46.229975, -13.7742093 ], [ -46.2542186, -13.779701 ], [ -46.2774951, -13.7908815 ], [ -46.2639037, -13.8073958 ], [ -46.273631, -13.8287797 ], [ -46.2517076, -13.8291638 ], [ -46.2351186, -13.8411811 ], [ -46.2324747, -13.8486074 ], [ -46.2568302, -13.8871755 ], [ -46.2627247, -13.9247068 ], [ -46.264190299999989, -13.9474351 ], [ -46.2544873, -13.9674639 ], [ -46.2351142, -13.9677349 ], [ -46.220066, -13.9754228 ], [ -46.2193582, -13.9939497 ], [ -46.2242605, -14.0036071 ], [ -46.2122201, -14.0098059 ], [ -46.2130884, -14.0305578 ], [ -46.2276801, -14.0442614 ], [ -46.2294327, -14.0603439 ], [ -46.2255158, -14.072568 ], [ -46.2215301, -14.1067598 ], [ -46.199313, -14.1269406 ], [ -46.1869245, -14.153092 ], [ -46.1581407, -14.1605914 ], [ -46.1321884, -14.1528501 ], [ -46.116296, -14.1616033 ], [ -46.1087313, -14.1874034 ], [ -46.0983053, -14.1966726 ], [ -46.0610483, -14.1954846 ], [ -46.0525646, -14.2044721 ], [ -46.0604058, -14.2327006 ], [ -46.0498725, -14.2436293 ], [ -46.0333003, -14.2476794 ], [ -46.0295909, -14.2595295 ], [ -46.0151106, -14.2549899 ], [ -45.9954281, -14.2561577 ], [ -45.9975623, -14.2777558 ], [ -45.9818404, -14.2735088 ], [ -45.9644033, -14.2843113 ], [ -45.9577148, -14.3029621 ], [ -45.9570512, -14.3213986 ], [ -45.9422146, -14.343255 ], [ -45.9282322, -14.3502896 ], [ -45.9151433, -14.3446448 ], [ -45.9071553, -14.3551898 ], [ -45.9138406, -14.3778202 ], [ -45.92244, -14.3828406 ], [ -45.9316653, -14.4089771 ], [ -45.9489167, -14.4152821 ], [ -45.9591383, -14.4260352 ], [ -45.9758064, -14.434248 ], [ -46.0036893, -14.4254522 ], [ -46.0000734, -14.4466222 ], [ -46.0107797, -14.4549841 ], [ -46.0190031, -14.4720712 ], [ -45.996085, -14.488406 ], [ -45.9932509, -14.4979104 ], [ -46.0039971, -14.5145895 ], [ -46.0001362, -14.5227423 ], [ -45.9814491, -14.5318979 ], [ -45.9791587, -14.5470773 ], [ -45.9888395, -14.5492786 ], [ -45.9913237, -14.5651792 ], [ -45.9852551, -14.5781326 ], [ -45.9978884, -14.6035777 ], [ -45.9850101, -14.6190659 ], [ -45.9920312, -14.6402112 ], [ -45.991665, -14.6619999 ], [ -46.0105164, -14.66219 ], [ -46.0279691, -14.6810075 ], [ -46.020865, -14.6910735 ], [ -46.0055037, -14.688998 ], [ -45.999165, -14.7185599 ], [ -46.0046968, -14.7298363 ], [ -45.9970579, -14.7413414 ], [ -46.007302, -14.7509791 ], [ -45.9989273, -14.7682823 ], [ -46.0025841, -14.795839 ], [ -46.0191571, -14.8030889 ], [ -46.0186719, -14.8185497 ], [ -46.0411979, -14.8264946 ], [ -46.0385595, -14.838349 ], [ -46.0252869, -14.8557565 ], [ -46.0394858, -14.8719769 ], [ -46.0212792, -14.8837783 ], [ -46.00388, -14.9022898 ], [ -46.0082245, -14.9197476 ], [ -45.9958369, -14.9274706 ], [ -45.979323, -14.9473696 ], [ -45.9717481, -14.949123 ], [ -45.9660809, -14.9656455 ], [ -45.9697264, -14.992339 ], [ -45.9748679, -15.0046751 ], [ -45.9750056, -15.0368778 ], [ -46.0184972, -15.0813013 ], [ -46.0268887, -15.1005292 ], [ -46.0284766, -15.1141102 ], [ -46.0437202, -15.1181296 ], [ -46.0504706, -15.1329891 ], [ -46.043457, -15.143034 ], [ -46.0477756, -15.1637296 ], [ -46.0618823, -15.1753738 ], [ -46.0787231, -15.1755061 ], [ -46.0976932, -15.1926125 ], [ -46.1147161, -15.1909751 ], [ -46.1165071, -15.2048209 ], [ -46.0988173, -15.2167858 ], [ -46.097088299999989, -15.2431114 ], [ -46.079748, -15.2513932 ], [ -46.0770818, -15.2646818 ], [ -46.058113, -15.2627418 ], [ -46.055558, -15.2505685 ], [ -46.0385272, -15.2268004 ], [ -46.0295237, -15.2018083 ], [ -46.0154955, -15.1966219 ], [ -45.9845053, -15.195961 ], [ -45.9724198, -15.1701858 ], [ -45.9717957, -15.1565618 ], [ -45.9606118, -15.1439301 ], [ -45.9389562, -15.1356756 ], [ -45.9187247, -15.1333697 ], [ -45.8721589, -15.1588031 ], [ -45.8588619, -15.1453662 ], [ -45.8443333, -15.1452488 ], [ -45.8343296, -15.1366657 ], [ -45.8294892, -15.1200089 ], [ -45.8116655, -15.1128378 ], [ -45.8027755, -15.1187248 ], [ -45.7838878, -15.1144581 ], [ -45.7511095, -15.1225822 ], [ -45.72163, -15.1122288 ], [ -45.718564799999989, -15.0956213 ], [ -45.6971788, -15.0929602 ], [ -45.6731895, -15.0778345 ], [ -45.6558189, -15.04853 ], [ -45.660424, -15.0382802 ], [ -45.6499724, -15.0238025 ], [ -45.6246188, -15.0213685 ], [ -45.6159461, -15.0135884 ], [ -45.5943205, -14.9784525 ], [ -45.5670507, -14.9564953 ], [ -45.5675669, -14.9458332 ], [ -45.5536792, -14.9451068 ], [ -45.5361034, -14.9381262 ], [ -45.5139877, -14.9539686 ], [ -45.4984916, -14.9463816 ], [ -45.4900515, -14.9607627 ], [ -45.4698519, -14.9500545 ], [ -45.455337799999988, -14.9490735 ], [ -45.4352255, -14.9226008 ], [ -45.4102964, -14.9234388 ], [ -45.3689461, -14.890448 ], [ -45.3720963, -14.8809522 ], [ -45.3639758, -14.8716955 ], [ -45.3499164, -14.8680699 ], [ -45.3180432, -14.8525695 ], [ -45.3017385, -14.8283179 ], [ -45.2869137, -14.8217378 ], [ -45.2650328, -14.8023597 ], [ -45.2587133, -14.7895222 ], [ -45.2430204, -14.7864005 ], [ -45.2292648, -14.7657227 ], [ -45.2055737, -14.7447389 ], [ -45.1912989, -14.7497118 ], [ -45.1664624, -14.735301 ], [ -45.1362896, -14.7474168 ], [ -45.1169935, -14.7481216 ], [ -45.0958494, -14.7529989 ], [ -45.0827727, -14.7487667 ], [ -45.0650718, -14.7308658 ], [ -45.0476938, -14.690537 ], [ -45.0319311, -14.6761701 ], [ -44.9957479, -14.6678154 ], [ -44.98482, -14.6612515 ], [ -44.9809619, -14.6456299 ], [ -44.9599103, -14.6321316 ], [ -44.9547913, -14.6340074 ], [ -44.9166802, -14.6196603 ], [ -44.8899911, -14.5970508 ], [ -44.8691947, -14.5933847 ], [ -44.8469264, -14.5580232 ], [ -44.8481798, -14.5469245 ], [ -44.8328778, -14.5424639 ], [ -44.8300094, -14.5334442 ], [ -44.8345748, -14.5074923 ], [ -44.8107661, -14.5031012 ], [ -44.7932956, -14.4903275 ], [ -44.7675121, -14.4772483 ], [ -44.7567426, -14.4783805 ], [ -44.7256578, -14.4576492 ], [ -44.7128797, -14.443964 ], [ -44.701293, -14.4497881 ], [ -44.6982057, -14.4320475 ], [ -44.686546, -14.4167945 ], [ -44.659238699999989, -14.4171044 ], [ -44.6588784, -14.3957573 ], [ -44.6328212, -14.3875826 ], [ -44.6255951, -14.3761099 ], [ -44.6095693, -14.365564 ], [ -44.5991775, -14.3681053 ], [ -44.5870696, -14.3544148 ], [ -44.5661239, -14.3413751 ], [ -44.5108436, -14.3226879 ], [ -44.4882589, -14.3286267 ], [ -44.4749893, -14.3143487 ], [ -44.4536288, -14.3119826 ], [ -44.4388974, -14.3028276 ], [ -44.4286006, -14.2866355 ], [ -44.411782, -14.2815843 ], [ -44.4269928, -14.2782214 ], [ -44.4271622, -14.270282 ], [ -44.4399395, -14.243979 ], [ -44.4482102, -14.2387898 ], [ -44.4517859, -14.2235967 ], [ -44.4684832, -14.217388 ], [ -44.4616837, -14.1944504 ], [ -44.440075, -14.1884764 ], [ -44.4445344, -14.1764648 ], [ -44.437667, -14.1656314 ], [ -44.4497566, -14.1609916 ], [ -44.4446044, -14.1413324 ], [ -44.4275542, -14.1345093 ], [ -44.4301781, -14.1244242 ], [ -44.4195629, -14.1195537 ], [ -44.4186787, -14.1011554 ], [ -44.4264064, -14.0816422 ], [ -44.4167331, -14.07696 ], [ -44.3908006, -14.0756425 ], [ -44.3781132, -14.051437 ], [ -44.3525846, -14.0479688 ], [ -44.3316833, -14.0407456 ], [ -44.3160667, -14.0441257 ], [ -44.3017517, -14.0364243 ], [ -44.2771251, -14.0314786 ], [ -44.2703306, -14.0227188 ], [ -44.2688057, -14.0055248 ], [ -44.2495336, -13.9879069 ], [ -44.252834, -13.9716337 ], [ -44.2295936, -13.9582472 ], [ -44.2303115, -13.9434816 ], [ -44.2195979, -13.9418736 ], [ -44.1951295, -13.9263908 ], [ -44.1778725, -13.9478507 ], [ -44.1617427, -13.9472981 ], [ -44.1336951, -13.9631314 ], [ -44.1150597, -13.9782332 ], [ -44.1020026, -13.9624635 ], [ -44.1113237, -13.9526345 ], [ -44.0936695, -13.9144998 ], [ -44.0866638, -13.9100037 ], [ -44.0802965, -13.9297935 ], [ -44.0656435, -13.9445926 ], [ -44.0555833, -13.9275247 ], [ -44.0369222, -13.9040342 ], [ -44.046242, -13.8993691 ], [ -44.0526275, -13.8769535 ], [ -44.0403129, -13.8781276 ], [ -44.0323931, -13.8891 ], [ -44.0269229, -13.8583055 ], [ -44.013121, -13.8536092 ], [ -44.0138182, -13.8444103 ], [ -44.0044431, -13.8296902 ], [ -44.0171437, -13.8276745 ], [ -44.0258147, -13.8132485 ], [ -44.0024485, -13.8166707 ], [ -43.9675628, -13.8353 ], [ -43.9491759, -13.8202314 ], [ -43.9575686, -13.8117207 ], [ -43.9492268, -13.7942098 ], [ -43.9343775, -13.7942539 ], [ -43.9201172, -13.8040659 ], [ -43.9102574, -13.7945136 ], [ -43.8996947, -13.7685009 ], [ -43.9018148, -13.7615161 ], [ -43.865254, -13.750843 ], [ -43.8366518, -13.7460065 ], [ -43.8223253, -13.734312 ], [ -43.8142897, -13.7083541 ], [ -43.9331362, -13.6562766 ], [ -43.9167687, -13.6343842 ], [ -43.8977216, -13.6232449 ], [ -43.8930132, -13.6143577 ], [ -43.8787844, -13.6047981 ], [ -43.8805013, -13.5879059 ], [ -43.8586691, -13.5641693 ], [ -43.8609922, -13.5535584 ], [ -43.8454612, -13.541881 ], [ -43.8352115, -13.5214721 ], [ -43.8147158, -13.5250187 ], [ -43.8059524, -13.5032539 ], [ -43.8214866, -13.4891408 ], [ -43.8335916, -13.490266 ], [ -43.8552999, -13.4799817 ], [ -43.8665615, -13.4830262 ], [ -43.895627399999988, -13.4728111 ], [ -43.9056045, -13.4491956 ], [ -43.9076894, -13.4306101 ], [ -43.8916879, -13.3817789 ], [ -43.8930078, -13.3645228 ], [ -43.8774762, -13.3314794 ], [ -43.869437, -13.3240311 ], [ -43.8637423, -13.3037215 ], [ -43.8561937, -13.3010088 ], [ -43.8623165, -13.275709 ], [ -43.8330465, -13.2432487 ], [ -43.804375, -13.2198903 ], [ -43.7972219, -13.2230617 ], [ -43.7720874, -13.2190979 ], [ -43.7555712, -13.2060032 ], [ -43.7366552, -13.2074879 ], [ -43.7321524, -13.192039 ], [ -43.716242099999988, -13.1822936 ], [ -43.7040957, -13.1872003 ], [ -43.6929741, -13.1693096 ], [ -43.6780221, -13.1687656 ], [ -43.6465167, -13.184883 ], [ -43.6348102, -13.171789 ], [ -43.642214, -13.1575085 ], [ -43.6467253, -13.1371011 ], [ -43.6591691, -13.1272191 ], [ -43.6725507, -13.1268365 ], [ -43.6815549, -13.115881 ], [ -43.686357, -12.9331871 ], [ -43.659729, -12.9370096 ], [ -43.6492009, -12.9249495 ], [ -43.6354845, -12.9277368 ], [ -43.604253, -12.9220191 ], [ -43.5937842, -12.9258087 ], [ -43.5712634, -12.9147712 ], [ -43.5682614, -12.9046297 ], [ -43.5496395, -12.8865977 ], [ -43.551483, -12.8625826 ], [ -43.536422, -12.6368587 ] ] ] } },
{ "type": "Feature", "properties": { "name_micro": "SANTO ANTONIO DE JESUS", "total_migrantes": 0, "populacao": 565542.0, "taxa_100k": 0.0, "ano": 2025.0 }, "geometry": { "type": "Polygon", "coordinates": [ [ [ -39.4638061, -12.952667 ], [ -39.456978, -12.9769321 ], [ -39.4432331, -12.9932495 ], [ -39.411868, -12.9980629 ], [ -39.4016414, -12.9967713 ], [ -39.3928922, -13.0149304 ], [ -39.3630773, -13.0412957 ], [ -39.3574096, -13.0405287 ], [ -39.3420521, -13.0569888 ], [ -39.3257346, -13.0625584 ], [ -39.3180595, -13.0564144 ], [ -39.3016873, -13.061629 ], [ -39.2878582, -13.0578659 ], [ -39.2651134, -13.0601979 ], [ -39.2567706, -13.071024 ], [ -39.2464074, -13.095327 ], [ -39.2290192, -13.0964218 ], [ -39.2199836, -13.0833333 ], [ -39.1998861, -13.0801205 ], [ -39.1949392, -13.1026476 ], [ -39.1791097, -13.1069046 ], [ -39.1698194, -13.0837382 ], [ -39.1592122, -13.0955646 ], [ -39.1436845, -13.0971508 ], [ -39.1340033, -13.0914835 ], [ -39.1229924, -13.1084831 ], [ -39.1781217, -13.1166311 ], [ -39.2139988, -13.1089552 ], [ -39.2278093, -13.1120992 ], [ -39.2451681, -13.1311818 ], [ -39.2616475, -13.1316705 ], [ -39.2728919, -13.1377815 ], [ -39.2958392, -13.1425528 ], [ -39.302743199999988, -13.1635718 ], [ -39.2826014, -13.1811571 ], [ -39.2685423, -13.1872063 ], [ -39.2503983, -13.1891498 ], [ -39.2310497, -13.2077956 ], [ -39.2073663, -13.1967496 ], [ -39.1858675, -13.2148838 ], [ -39.1713228, -13.2332741 ], [ -39.1630347, -13.2359394 ], [ -39.1505853, -13.2253365 ], [ -39.1315116, -13.237824 ], [ -39.1250204, -13.2464852 ], [ -39.102425, -13.2585157 ], [ -39.0921458, -13.248008 ], [ -39.0821781, -13.2554764 ], [ -39.0700809, -13.2458443 ], [ -39.0505217, -13.2409617 ], [ -39.0274504, -13.2451019 ], [ -39.0195329, -13.2418381 ], [ -39.0108384, -13.2272567 ], [ -38.9965836, -13.2489033 ], [ -38.9881127, -13.2483751 ], [ -38.9628762, -13.2317474 ], [ -38.9573772, -13.2156932 ], [ -38.9398168, -13.2058136 ], [ -38.9188438, -13.2135782 ], [ -38.8672058, -13.1862386 ], [ -38.8557674, -13.1707053 ], [ -38.829475, -13.1525702 ], [ -38.7975435, -13.1374721 ], [ -38.8049044, -13.1216594 ], [ -38.8012139, -13.0948436 ], [ -38.8012838, -13.0615354 ], [ -38.7882276, -13.0423352 ], [ -38.7876902, -13.0221661 ], [ -38.7775597, -13.0001867 ], [ -38.754642, -12.9694435 ], [ -38.7323945, -12.9480704 ], [ -38.7234874, -12.9253452 ], [ -38.7084449, -12.9013133 ], [ -38.7031587, -12.883971 ], [ -38.7051255, -12.8714989 ], [ -38.72066, -12.8562912 ], [ -38.7186755, -12.840426 ], [ -38.7091585, -12.828031 ], [ -38.6985718, -12.800589 ], [ -38.699264, -12.7865916 ], [ -38.6933005, -12.744694 ], [ -38.6854413, -12.7218081 ], [ -38.6853559, -12.6846919 ], [ -38.7182633, -12.6416892 ], [ -38.7179881, -12.6148704 ], [ -38.7111794, -12.6096225 ], [ -38.7099539, -12.5949787 ], [ -38.6966088, -12.5912688 ], [ -38.6862542, -12.5569691 ], [ -38.6627398, -12.5491671 ], [ -38.6514986, -12.5538478 ], [ -38.6443261, -12.5130715 ], [ -38.6561291, -12.4842189 ], [ -38.7212987, -12.4811166 ], [ -38.7423008, -12.4732471 ], [ -38.773098, -12.4304969 ], [ -38.7892168, -12.4218855 ], [ -38.7925613, -12.4091156 ], [ -38.8061631, -12.4002544 ], [ -38.8138987, -12.3804065 ], [ -38.7951897, -12.3695005 ], [ -38.8335488, -12.3682565 ], [ -38.8385693, -12.3713602 ], [ -38.8274017, -12.3967166 ], [ -38.8381591, -12.4087753 ], [ -38.8519427, -12.4837827 ], [ -38.8347142, -12.4936486 ], [ -38.838371, -12.5140478 ], [ -38.8774309, -12.5106598 ], [ -38.8837584, -12.5227338 ], [ -38.9106412, -12.5179 ], [ -38.947496, -12.5399887 ], [ -38.961762899999989, -12.5407502 ], [ -38.982889199999988, -12.5516893 ], [ -38.9793679, -12.565049 ], [ -38.9996884, -12.5632 ], [ -39.0085791, -12.5676941 ], [ -39.0255008, -12.55228 ], [ -39.0575239, -12.5409613 ], [ -39.0659616, -12.5282403 ], [ -39.0738783, -12.502016 ], [ -39.090866, -12.4948328 ], [ -39.113498, -12.4944064 ], [ -39.1509105, -12.506774 ], [ -39.1746159, -12.5058825 ], [ -39.2056793, -12.5128508 ], [ -39.2265132, -12.5464623 ], [ -39.2593953, -12.5488977 ], [ -39.276536, -12.5373969 ], [ -39.314186, -12.5479557 ], [ -39.3422357, -12.561676 ], [ -39.3480809, -12.5689354 ], [ -39.3726876, -12.58435 ], [ -39.396493, -12.5947677 ], [ -39.417045699999989, -12.6160275 ], [ -39.439715299999989, -12.6146776 ], [ -39.4407828, -12.6392472 ], [ -39.435505, -12.6497527 ], [ -39.4349895, -12.6759476 ], [ -39.4667937, -12.6992021 ], [ -39.47059, -12.7175508 ], [ -39.4929444, -12.7300451 ], [ -39.4971073, -12.7396559 ], [ -39.4984532, -12.7754394 ], [ -39.5023156, -12.7883215 ], [ -39.5027213, -12.8127561 ], [ -39.4919064, -12.814201 ], [ -39.4848769, -12.827599 ], [ -39.4889074, -12.8345769 ], [ -39.474412, -12.8476293 ], [ -39.478701, -12.8635849 ], [ -39.4675899, -12.897927 ], [ -39.4663174, -12.920093 ], [ -39.4591332, -12.9329494 ], [ -39.4638061, -12.952667 ] ] ] } },
{ "type": "Feature", "properties": { "name_micro": "SEABRA", "total_migrantes": 14, "populacao": 279187.0, "taxa_100k": 0.50145601335305734, "ano": 2025.0 }, "geometry": { "type": "Polygon", "coordinates": [ [ [ -40.7510203, -13.0435436 ], [ -40.7724049, -13.0370577 ], [ -40.7862889, -13.04406 ], [ -40.7941855, -13.0362314 ], [ -40.8089372, -13.0341941 ], [ -40.8365231, -13.015403 ], [ -40.8525054, -13.0183001 ], [ -40.8766918, -13.0040445 ], [ -40.8880513, -13.0059474 ], [ -40.9139487, -13.0284046 ], [ -40.945256099999987, -13.0382402 ], [ -40.9597863, -13.0092288 ], [ -40.9588992, -12.9770413 ], [ -40.9676322, -12.9720786 ], [ -40.9848818, -12.9769432 ], [ -40.9943277, -12.9715262 ], [ -40.9846448, -12.9549366 ], [ -40.9889446, -12.9462355 ], [ -40.9765848, -12.9274573 ], [ -40.9903425, -12.9125345 ], [ -40.9971842, -12.9199711 ], [ -41.0102028, -12.9114655 ], [ -41.0199753, -12.9153972 ], [ -40.9673314, -12.7930407 ], [ -40.9720242, -12.7892893 ], [ -40.9738921, -12.7640572 ], [ -40.9821419, -12.736959 ], [ -40.9833653, -12.7006448 ], [ -41.0074422, -12.6211097 ], [ -40.9785057, -12.5658837 ], [ -40.9828721, -12.5576541 ], [ -40.9774411, -12.5168632 ], [ -40.9635696, -12.4932257 ], [ -40.9809539, -12.4604409 ], [ -40.996148, -12.4592727 ], [ -41.010214, -12.4672996 ], [ -41.0519293, -12.4755901 ], [ -41.0837601, -12.4654765 ], [ -41.1005539, -12.4730665 ], [ -41.1744904, -12.4955668 ], [ -41.2002533, -12.4964491 ], [ -41.20444, -12.4772457 ], [ -41.169669, -12.4476714 ], [ -41.1590119, -12.4252621 ], [ -41.16102, -12.4183543 ], [ -41.1448378, -12.3934811 ], [ -41.158603, -12.3860004 ], [ -41.1485836, -12.3763541 ], [ -41.0627597, -12.2849377 ], [ -41.061353, -12.2653157 ], [ -40.9834896, -12.2626081 ], [ -40.9886732, -12.2533486 ], [ -40.9996663, -12.2526704 ], [ -41.0151923, -12.2418439 ], [ -41.0347634, -12.2131119 ], [ -41.0407715, -12.2111488 ], [ -41.0490682, -12.1816837 ], [ -41.0408782, -12.1476004 ], [ -40.9972642, -12.1486808 ], [ -40.9721215, -12.1290508 ], [ -40.8940104, -12.1549166 ], [ -40.8735935, -12.1257414 ], [ -40.9089697, -12.0595765 ], [ -40.8970771, -11.9902822 ], [ -40.920524, -12.0143719 ], [ -40.9725254, -12.0164165 ], [ -41.0248883, -12.0022421 ], [ -41.0489455, -11.9698193 ], [ -41.0603997, -11.9480683 ], [ -41.0626184, -11.9331698 ], [ -41.0861161, -11.9191831 ], [ -41.0965402, -11.9355858 ], [ -41.1096453, -11.9468447 ], [ -41.1270067, -11.9448915 ], [ -41.2233297, -11.9186528 ], [ -41.2290635, -11.9078859 ], [ -41.2538099, -11.9032222 ], [ -41.2547141, -11.8756204 ], [ -41.2446012, -11.844498 ], [ -41.2482456, -11.8163836 ], [ -41.2743669, -11.8129304 ], [ -41.2822829, -11.8043579 ], [ -41.3226502, -11.7975861 ], [ -41.3247518, -11.7867418 ], [ -41.3494505, -11.7762039 ], [ -41.365741199999988, -11.7792363 ], [ -41.3842459, -11.7702209 ], [ -41.3930445, -11.7715748 ], [ -41.3989078, -11.8127686 ], [ -41.4156007, -11.8589989 ], [ -41.4226243, -11.8716596 ], [ -41.4210111, -11.9089614 ], [ -41.430593, -11.9253106 ], [ -41.4255465, -11.9341421 ], [ -41.4481586, -11.9469729 ], [ -41.4556563, -11.969639 ], [ -41.4447086, -11.9861146 ], [ -41.4166127, -11.9980168 ], [ -41.4157299, -12.0199043 ], [ -41.4024617, -12.0377539 ], [ -41.4077271, -12.0478126 ], [ -41.3934481, -12.0764011 ], [ -41.36823, -12.0829587 ], [ -41.3715996, -12.1187441 ], [ -41.3650736, -12.1471032 ], [ -41.3582063, -12.1515435 ], [ -41.3548676, -12.1683991 ], [ -41.4001688, -12.2000178 ], [ -41.4037843, -12.217797 ], [ -41.4152387, -12.2234408 ], [ -41.4115527, -12.2468786 ], [ -41.4163183, -12.2550992 ], [ -41.4345287, -12.2645007 ], [ -41.4422613, -12.2833646 ], [ -41.4379524, -12.2933355 ], [ -41.4421887, -12.3098687 ], [ -41.4330152, -12.3366128 ], [ -41.4252133, -12.3439473 ], [ -41.4356121, -12.3542446 ], [ -41.4250499, -12.378312 ], [ -41.4414762, -12.4132056 ], [ -41.4481589, -12.4064581 ], [ -41.452498, -12.3827059 ], [ -41.4789845, -12.3707267 ], [ -41.5084126, -12.3746157 ], [ -41.5177133, -12.3719556 ], [ -41.525132, -12.3570158 ], [ -41.54061, -12.3569946 ], [ -41.6184207, -12.3802935 ], [ -41.6658261, -12.3826568 ], [ -41.7287119, -12.3691687 ], [ -41.7444525, -12.3285893 ], [ -41.7419597, -12.3226389 ], [ -41.7565426, -12.3062465 ], [ -41.7651352, -12.272596 ], [ -41.7428051, -12.2368305 ], [ -41.7518021, -12.2149365 ], [ -41.7690007, -12.1949795 ], [ -41.7833645, -12.1606041 ], [ -41.796198, -12.1587907 ], [ -41.8895864, -12.1234315 ], [ -41.9071694, -12.1151718 ], [ -41.9159672, -12.1063833 ], [ -41.9364784, -12.1115278 ], [ -41.941907, -12.0978711 ], [ -41.952068, -12.1018887 ], [ -41.9612806, -12.0915199 ], [ -41.9697822, -12.0922403 ], [ -41.9765514, -12.1072173 ], [ -41.9688601, -12.1412636 ], [ -41.9773643, -12.1539315 ], [ -41.9687425, -12.1679581 ], [ -41.9668485, -12.1876206 ], [ -41.9713284, -12.2020201 ], [ -41.9673807, -12.2233678 ], [ -41.987261, -12.2254007 ], [ -41.98906, -12.2317951 ], [ -41.9784831, -12.2552742 ], [ -41.9681123, -12.2658948 ], [ -41.9848722, -12.2914472 ], [ -42.0292348, -12.2343582 ], [ -42.0424336, -12.2243999 ], [ -42.056267, -12.2204984 ], [ -42.0582812, -12.2451082 ], [ -42.0497151, -12.272472 ], [ -42.039818, -12.2911217 ], [ -42.09856, -12.2915687 ], [ -42.1083634, -12.308225 ], [ -42.1141924, -12.3065473 ], [ -42.1249612, -12.2865722 ], [ -42.1241208, -12.2776792 ], [ -42.270249, -12.311076 ], [ -42.2669783, -12.3234151 ], [ -42.2709944, -12.3379696 ], [ -42.2601122, -12.3417359 ], [ -42.2492523, -12.3895695 ], [ -42.217391899999988, -12.3865423 ], [ -42.2079552, -12.3773378 ], [ -42.1951523, -12.3778021 ], [ -42.1697997, -12.3871135 ], [ -42.160575, -12.3948366 ], [ -42.1492786, -12.3938251 ], [ -42.1403683, -12.4007978 ], [ -42.1037558, -12.395896 ], [ -42.071657, -12.414616 ], [ -42.0698843, -12.4311088 ], [ -42.0147798, -12.5048563 ], [ -42.0053323, -12.5541901 ], [ -42.0067583, -12.5686147 ], [ -41.9985666, -12.5758059 ], [ -41.983757, -12.6008949 ], [ -42.0299388, -12.6188556 ], [ -42.0310894, -12.645522 ], [ -42.0271723, -12.660569 ], [ -42.0257229, -12.6885969 ], [ -42.0177759, -12.7213978 ], [ -42.0202734, -12.7387886 ], [ -42.0312667, -12.764336 ], [ -42.0270556, -12.7928416 ], [ -42.0184177, -12.8280842 ], [ -42.0184548, -12.8561123 ], [ -42.0245639, -12.8893755 ], [ -42.0136007, -12.9096577 ], [ -42.0135393, -12.9202064 ], [ -42.0277452, -12.92025 ], [ -42.0357163, -12.9134507 ], [ -42.0550994, -12.9154161 ], [ -42.0501296, -12.9431568 ], [ -42.0667113, -12.952378 ], [ -42.0753092, -12.9787357 ], [ -42.0916632, -12.9800159 ], [ -42.0950907, -13.0022264 ], [ -42.1052801, -13.004607 ], [ -42.1239446, -13.0004715 ], [ -42.1252928, -13.018338 ], [ -42.1151146, -13.0267029 ], [ -42.1121719, -13.0443456 ], [ -42.1028556, -13.0678535 ], [ -42.1094185, -13.0765384 ], [ -42.1026957, -13.0974454 ], [ -42.1078742, -13.1196166 ], [ -42.1036563, -13.1327272 ], [ -42.0821982, -13.1523016 ], [ -42.0743157, -13.1512811 ], [ -42.0593531, -13.1812278 ], [ -42.0317204, -13.1775078 ], [ -42.0143253, -13.1894656 ], [ -42.0057523, -13.2102494 ], [ -41.9968927, -13.2154175 ], [ -41.9863269, -13.2335304 ], [ -41.9744576, -13.2414996 ], [ -41.9317408, -13.252872 ], [ -41.9143363, -13.2675433 ], [ -41.900416, -13.3039613 ], [ -41.909050199999989, -13.3111301 ], [ -41.9159942, -13.3341487 ], [ -41.947585, -13.3433867 ], [ -41.9491624, -13.4026846 ], [ -41.9537223, -13.4080712 ], [ -41.9561622, -13.4315063 ], [ -41.9686303, -13.4647897 ], [ -41.9673067, -13.4888571 ], [ -41.9547104, -13.4923914 ], [ -41.9656619, -13.5168929 ], [ -41.964709, -13.526876 ], [ -41.9463271, -13.5358023 ], [ -41.929125, -13.5527987 ], [ -41.9064906, -13.5483541 ], [ -41.8881732, -13.555265 ], [ -41.8597256, -13.5715015 ], [ -41.8367781, -13.6015764 ], [ -41.8181337, -13.6126454 ], [ -41.8092846, -13.6124894 ], [ -41.8020154, -13.6317241 ], [ -41.7783736, -13.642529 ], [ -41.7622567, -13.6609252 ], [ -41.7481922, -13.662079 ], [ -41.7254437, -13.6800282 ], [ -41.711398, -13.6854923 ], [ -41.7001119, -13.6995674 ], [ -41.7009902, -13.7065336 ], [ -41.6858106, -13.7154971 ], [ -41.6899233, -13.7352867 ], [ -41.6737066, -13.7516014 ], [ -41.6549703, -13.7619557 ], [ -41.6551584, -13.76919 ], [ -41.6416467, -13.780164 ], [ -41.636903, -13.7988526 ], [ -41.6192989, -13.8109109 ], [ -41.6044149, -13.8329873 ], [ -41.5996499, -13.8500621 ], [ -41.579667199999989, -13.8643825 ], [ -41.5720765, -13.881539 ], [ -41.5591635, -13.9443053 ], [ -41.4938849, -13.9164932 ], [ -41.516796, -13.8690845 ], [ -41.5208061, -13.8491866 ], [ -41.5172753, -13.8350345 ], [ -41.5237148, -13.8169366 ], [ -41.5419949, -13.8025705 ], [ -41.537146, -13.7911733 ], [ -41.5384821, -13.7711052 ], [ -41.5451492, -13.7618097 ], [ -41.5574172, -13.7631344 ], [ -41.5717829, -13.7574902 ], [ -41.5776035, -13.7267299 ], [ -41.5883273, -13.724857 ], [ -41.5868014, -13.7099921 ], [ -41.5932237, -13.6893915 ], [ -41.6052586, -13.6721693 ], [ -41.6080636, -13.6601781 ], [ -41.5675689, -13.6609659 ], [ -41.5107041, -13.6651892 ], [ -41.4745234, -13.6603098 ], [ -41.420107, -13.6698279 ], [ -41.4031279, -13.6691674 ], [ -41.3888575, -13.6773567 ], [ -41.3721367, -13.6717492 ], [ -41.3278464, -13.7001669 ], [ -41.2984854, -13.7033859 ], [ -41.2985025, -13.682702 ], [ -41.284914799999989, -13.682362 ], [ -41.249181, -13.718142 ], [ -41.2222218, -13.6942287 ], [ -41.2221194, -13.7099742 ], [ -41.2320394, -13.7138101 ], [ -41.241527, -13.7394155 ], [ -41.2376352, -13.7522341 ], [ -41.2396683, -13.7686883 ], [ -41.2344099, -13.7902581 ], [ -41.2186118, -13.8083162 ], [ -41.2220008, -13.8140018 ], [ -41.2156669, -13.9101703 ], [ -41.1766529, -13.9523508 ], [ -41.170743, -13.9673134 ], [ -41.147716699999989, -13.9697543 ], [ -41.1363061, -13.9896096 ], [ -41.1213125, -14.0352024 ], [ -41.0679077, -14.0263711 ], [ -41.0301362, -14.0494045 ], [ -41.0076003, -14.0472233 ], [ -40.9782193, -14.0223496 ], [ -41.0015663, -14.0089421 ], [ -40.983873, -13.9889595 ], [ -40.979163, -13.976816 ], [ -40.9823254, -13.9652569 ], [ -40.9758931, -13.9561365 ], [ -40.980853, -13.9445447 ], [ -40.9596588, -13.9358642 ], [ -40.9630276, -13.921061 ], [ -40.9509664, -13.9070287 ], [ -40.9375833, -13.9103087 ], [ -40.9288623, -13.9192057 ], [ -40.9115843, -13.9138659 ], [ -40.9159216, -13.900928 ], [ -40.9278782, -13.9046223 ], [ -40.9336482, -13.8922242 ], [ -40.9056676, -13.8861193 ], [ -40.8904376, -13.8686557 ], [ -40.8794145, -13.8438864 ], [ -40.8556332, -13.8500725 ], [ -40.8187367, -13.8395206 ], [ -40.7903634, -13.8342233 ], [ -40.736149499999989, -13.8357925 ], [ -40.7258981, -13.8317922 ], [ -40.7147626, -13.8410392 ], [ -40.8369929, -13.6358401 ], [ -40.8584241, -13.5825173 ], [ -40.8738318, -13.5760018 ], [ -40.9023506, -13.571235 ], [ -40.9189012, -13.5737768 ], [ -40.9418688, -13.5671034 ], [ -40.947127, -13.5524859 ], [ -40.9553367, -13.5454731 ], [ -41.0382408, -13.5563339 ], [ -41.2203816, -13.4702403 ], [ -41.2162084, -13.4919682 ], [ -41.223706, -13.5185371 ], [ -41.2411732, -13.505925 ], [ -41.2419022, -13.4969799 ], [ -41.2539761, -13.4810874 ], [ -41.2563396, -13.4703384 ], [ -41.2367564, -13.461169 ], [ -41.233078, -13.4289568 ], [ -41.2183011, -13.429353 ], [ -41.2008748, -13.4186287 ], [ -41.1892618, -13.4063832 ], [ -41.1606147, -13.4032812 ], [ -41.1557073, -13.3772279 ], [ -41.1315313, -13.3644126 ], [ -41.1274207, -13.35075 ], [ -41.1176231, -13.340154 ], [ -41.1142631, -13.3231908 ], [ -41.1047783, -13.3188975 ], [ -41.1045287, -13.2917227 ], [ -41.0786884, -13.2732681 ], [ -41.088844, -13.2557984 ], [ -41.0103442, -13.2609103 ], [ -40.9183297, -13.2295696 ], [ -40.9197095, -13.2090052 ], [ -40.840999, -13.1386109 ], [ -40.7510203, -13.0435436 ] ] ] } },
{ "type": "Feature", "properties": { "name_micro": "SENHOR DO BONFIM", "total_migrantes": 16, "populacao": 301982.0, "taxa_100k": 0.52983290394791738, "ano": 2025.0 }, "geometry": { "type": "Polygon", "coordinates": [ [ [ -39.7957646, -9.8438103 ], [ -39.8232885, -9.8246973 ], [ -39.837772699999988, -9.8283462 ], [ -39.8400224, -9.8153773 ], [ -39.852542, -9.807088 ], [ -39.8623797, -9.7919348 ], [ -39.8636058, -9.7812863 ], [ -39.873469, -9.7690268 ], [ -39.8823411, -9.7458873 ], [ -39.8933913, -9.7404685 ], [ -39.9021587, -9.7642999 ], [ -39.9029084, -9.7816744 ], [ -39.9191768, -9.7907178 ], [ -39.9478176, -9.7945205 ], [ -39.9818821, -9.8046406 ], [ -40.1100436, -9.8582013 ], [ -40.1824424, -9.8873012 ], [ -40.2259581, -9.9213429 ], [ -40.2860699, -9.9457958 ], [ -40.3163848, -9.9078998 ], [ -40.3479683, -9.9288013 ], [ -40.3647308, -9.9331524 ], [ -40.3832217, -9.9441712 ], [ -40.4121828, -9.9735127 ], [ -40.5027422, -9.9711545 ], [ -40.6433264, -9.8868044 ], [ -40.8137513, -9.8713699 ], [ -40.8183176, -9.8696957 ], [ -40.8174084, -9.8428452 ], [ -40.8280382, -9.844035 ], [ -40.831628, -9.8644707 ], [ -40.8640895, -9.8893933 ], [ -40.8791847, -9.8934179 ], [ -40.8915579, -9.913711 ], [ -40.9040608, -9.9097165 ], [ -40.9156045, -9.8990339 ], [ -40.927597, -9.8986413 ], [ -40.9360495, -9.9119017 ], [ -40.9441101, -9.9135116 ], [ -40.9441081, -9.8831438 ], [ -40.9619855, -9.8845612 ], [ -40.9867552, -9.8970827 ], [ -40.9967917, -9.8861182 ], [ -41.0106449, -9.9031551 ], [ -41.0327739, -9.914981 ], [ -41.0425927, -9.9275095 ], [ -41.0585845, -9.9164167 ], [ -41.0835397, -9.9458587 ], [ -41.1002404, -9.9461043 ], [ -41.1062285, -9.9384868 ], [ -41.1051925, -9.9133038 ], [ -41.1181555, -9.9109402 ], [ -41.1211826, -9.9239536 ], [ -41.1436623, -9.9272811 ], [ -41.1570808, -9.9433896 ], [ -41.1853583, -9.955664 ], [ -41.2063449, -9.9515036 ], [ -41.2152204, -9.9537687 ], [ -41.2159542, -9.9334812 ], [ -41.2360626, -9.926085 ], [ -41.2359995, -9.942854 ], [ -41.2487885, -9.9500758 ], [ -41.2559217, -9.9741131 ], [ -41.2446212, -9.985843 ], [ -41.2224086, -9.9899094 ], [ -41.2015796, -9.9999118 ], [ -41.1921202, -10.0089715 ], [ -41.1786731, -10.0067334 ], [ -41.1708867, -10.0122649 ], [ -41.1694623, -10.0324291 ], [ -41.1802244, -10.0406555 ], [ -41.1817279, -10.0510932 ], [ -41.193231399999988, -10.0656175 ], [ -41.1896504, -10.0861287 ], [ -41.1798911, -10.1027686 ], [ -41.1599878, -10.1097537 ], [ -41.1669481, -10.1299703 ], [ -41.1577147, -10.1558245 ], [ -41.1617294, -10.1820332 ], [ -41.1714288, -10.1962837 ], [ -41.1596277, -10.2038428 ], [ -41.1440005, -10.2230027 ], [ -41.152891, -10.2372582 ], [ -41.1609112, -10.2378704 ], [ -41.1687095, -10.252562 ], [ -41.1802684, -10.2636865 ], [ -41.2056389, -10.2746469 ], [ -41.2232223, -10.2933795 ], [ -41.2332444, -10.2956203 ], [ -41.2420272, -10.3080953 ], [ -41.2427358, -10.3232566 ], [ -41.2645336, -10.3330732 ], [ -41.2800655, -10.3463582 ], [ -41.288291, -10.3357447 ], [ -41.326683, -10.3554966 ], [ -41.3334319, -10.3689833 ], [ -41.3614634, -10.3699721 ], [ -41.3543199, -10.387797 ], [ -41.361611, -10.3915186 ], [ -41.378606, -10.4172489 ], [ -41.3894194, -10.4158526 ], [ -41.4129952, -10.4321538 ], [ -41.4286553, -10.433835 ], [ -41.4467173, -10.4420013 ], [ -41.4521671, -10.4554114 ], [ -41.473083, -10.4653731 ], [ -41.4505881, -10.4893446 ], [ -41.4372016, -10.4901623 ], [ -41.4148106, -10.4996553 ], [ -41.3815222, -10.5187405 ], [ -41.3869676, -10.5347143 ], [ -41.3971691, -10.5495347 ], [ -41.3909798, -10.5658327 ], [ -41.4014881, -10.5736515 ], [ -41.427773699999989, -10.5767408 ], [ -41.4294557, -10.5880976 ], [ -41.4518535, -10.5952167 ], [ -41.4628382, -10.6031589 ], [ -41.4718093, -10.6282458 ], [ -41.4868433, -10.6328066 ], [ -41.4956518, -10.6183091 ], [ -41.5030286, -10.6319698 ], [ -41.4960799, -10.6515063 ], [ -41.508576, -10.6704536 ], [ -41.5329703, -10.6794195 ], [ -41.547604, -10.66707 ], [ -41.5573835, -10.702524 ], [ -41.5746346, -10.7162059 ], [ -41.5859847, -10.7204889 ], [ -41.5913384, -10.7312679 ], [ -41.5817016, -10.7538966 ], [ -41.57144, -10.7559448 ], [ -41.5563433, -10.7430391 ], [ -41.542878, -10.7416 ], [ -41.5040245, -10.7454068 ], [ -41.4776667, -10.7555916 ], [ -41.4560433, -10.7813658 ], [ -41.4410816, -10.7857476 ], [ -41.4432317, -10.8018664 ], [ -41.3319893, -10.7569452 ], [ -41.2986074, -10.7482529 ], [ -41.2807524, -10.7381384 ], [ -41.2956124, -10.7004367 ], [ -41.3074088, -10.6807076 ], [ -41.2810165, -10.6424811 ], [ -41.1926808, -10.6451966 ], [ -41.1832923, -10.6547414 ], [ -41.1847997, -10.6713697 ], [ -41.1938756, -10.6874805 ], [ -41.1871273, -10.7116304 ], [ -41.1758011, -10.7234326 ], [ -41.1587641, -10.7260738 ], [ -41.1027338, -10.7152888 ], [ -41.0791406, -10.6916249 ], [ -41.0797355, -10.6759204 ], [ -41.092882, -10.6706261 ], [ -41.1117392, -10.675861 ], [ -41.1109993, -10.657668 ], [ -40.9419329, -10.6022372 ], [ -40.9125846, -10.6077876 ], [ -40.8786645, -10.590636 ], [ -40.8514655, -10.5954806 ], [ -40.8437709, -10.5923943 ], [ -40.8165909, -10.592499 ], [ -40.8042091, -10.5991288 ], [ -40.7626768, -10.5925212 ], [ -40.7629185, -10.602433 ], [ -40.7470892, -10.6336453 ], [ -40.6309906, -10.6690363 ], [ -40.59566, -10.6835064 ], [ -40.5464019, -10.6623201 ], [ -40.5419793, -10.6786856 ], [ -40.5491563, -10.6996012 ], [ -40.5071507, -10.7130018 ], [ -40.5004644, -10.7004251 ], [ -40.4837827, -10.6844926 ], [ -40.4747447, -10.6998915 ], [ -40.4720485, -10.7199065 ], [ -40.481210399999988, -10.7449203 ], [ -40.4756877, -10.7636784 ], [ -40.456742, -10.7599416 ], [ -40.445770499999988, -10.7521079 ], [ -40.4156296, -10.7811102 ], [ -40.4094009, -10.795389 ], [ -40.3475472, -10.8095899 ], [ -40.333888099999989, -10.8178547 ], [ -40.3136847, -10.8239695 ], [ -40.3028649, -10.8149057 ], [ -40.2841272, -10.8268789 ], [ -40.2887082, -10.8349099 ], [ -40.2676401, -10.8432363 ], [ -40.2536497, -10.8412392 ], [ -40.2365308, -10.8480493 ], [ -40.2316194, -10.8352418 ], [ -40.1953671, -10.8224495 ], [ -40.1903378, -10.83598 ], [ -40.1566312, -10.8581844 ], [ -40.12678, -10.8527955 ], [ -40.1221265, -10.8419905 ], [ -40.107627, -10.8422265 ], [ -40.101875, -10.8521939 ], [ -40.0512484, -10.8621904 ], [ -40.0280567, -10.8632391 ], [ -40.0188535, -10.8839822 ], [ -39.9994905, -10.8836796 ], [ -39.9622903, -10.8975518 ], [ -39.9505009, -10.8925905 ], [ -39.9454991, -10.9082792 ], [ -39.9279118, -10.9046516 ], [ -39.9235033, -10.9176325 ], [ -39.9026555, -10.9158482 ], [ -39.889515, -10.8998931 ], [ -39.879518399999988, -10.9075063 ], [ -39.8695739, -10.9033062 ], [ -39.8571113, -10.9188412 ], [ -39.8421227, -10.9164873 ], [ -39.8426471, -10.9272164 ], [ -39.8262569, -10.9280534 ], [ -39.8256698, -10.9391274 ], [ -39.7988478, -10.9388289 ], [ -39.7815721, -10.9551107 ], [ -39.7619725, -10.9616506 ], [ -39.7531182, -10.953644 ], [ -39.729246, -10.9542862 ], [ -39.6693974, -10.947046 ], [ -39.6275726, -10.9149719 ], [ -39.6302387, -10.9114115 ], [ -39.6243931, -10.8845433 ], [ -39.626025, -10.8746644 ], [ -39.6493741, -10.8435802 ], [ -39.6649945, -10.8391608 ], [ -39.6673311, -10.8276071 ], [ -39.6610534, -10.8178545 ], [ -39.6750434, -10.8070036 ], [ -39.6869884, -10.770539 ], [ -39.699066, -10.7530761 ], [ -39.6948944, -10.7401378 ], [ -39.7095285, -10.7196854 ], [ -39.7014631, -10.7161875 ], [ -39.6979704, -10.7032522 ], [ -39.7012995, -10.6899878 ], [ -39.6978151, -10.6708901 ], [ -39.7238335, -10.6594687 ], [ -39.7283028, -10.6507978 ], [ -39.7440828, -10.6426447 ], [ -39.7509823, -10.6182301 ], [ -39.7480652, -10.6099183 ], [ -39.7560972, -10.600088 ], [ -39.7620793, -10.5644551 ], [ -39.7725633, -10.5477549 ], [ -39.7609741, -10.5220553 ], [ -39.7651357, -10.5153115 ], [ -39.7619797, -10.4755663 ], [ -39.7575163, -10.4676408 ], [ -39.7515251, -10.4387416 ], [ -39.7391375, -10.4285095 ], [ -39.7313329, -10.4101056 ], [ -39.7368586, -10.3920572 ], [ -39.7393173, -10.3490461 ], [ -39.7353405, -10.3368806 ], [ -39.7229985, -10.334029 ], [ -39.7139676, -10.3190934 ], [ -39.716650099999988, -10.2779519 ], [ -39.7217071, -10.266996 ], [ -39.7442512, -10.2427816 ], [ -39.7374222, -10.2288275 ], [ -39.7362729, -10.1981071 ], [ -39.7316015, -10.1728418 ], [ -39.7286575, -10.1156025 ], [ -39.7335272, -10.1127667 ], [ -39.7342954, -10.0892246 ], [ -39.7582077, -10.0735892 ], [ -39.7565803, -10.0569021 ], [ -39.7655407, -10.0320484 ], [ -39.7620429, -10.0152018 ], [ -39.7673397, -9.9971104 ], [ -39.7598016, -9.9917423 ], [ -39.7654699, -9.9702581 ], [ -39.7502299, -9.9536716 ], [ -39.7382949, -9.9010964 ], [ -39.7476674, -9.881177 ], [ -39.7673293, -9.8669767 ], [ -39.7792236, -9.8712246 ], [ -39.7871127, -9.8524123 ], [ -39.7957646, -9.8438103 ] ] ] } },
{ "type": "Feature", "properties": { "name_micro": "SERRINHA", "total_migrantes": 0, "populacao": 444212.0, "taxa_100k": 0.0, "ano": 2025.0 }, "geometry": { "type": "Polygon", "coordinates": [ [ [ -39.9085779, -11.7205959 ], [ -39.8851467, -11.7401442 ], [ -39.8631883, -11.7410647 ], [ -39.8644745, -11.7482683 ], [ -39.8406932, -11.7552864 ], [ -39.8453422, -11.7743807 ], [ -39.8129958, -11.8109301 ], [ -39.8049028, -11.8254198 ], [ -39.7694267, -11.8199729 ], [ -39.7513811, -11.8234304 ], [ -39.7452674, -11.8186258 ], [ -39.7175614, -11.8260632 ], [ -39.7408259, -11.8422733 ], [ -39.7484251, -11.8600414 ], [ -39.7471482, -11.8941832 ], [ -39.7427963, -11.9027772 ], [ -39.7191058, -11.9055069 ], [ -39.6927512, -11.9238315 ], [ -39.6777616, -11.9236546 ], [ -39.665136499999988, -11.9338498 ], [ -39.6582763, -11.9473731 ], [ -39.6416737, -11.9540863 ], [ -39.6440946, -11.970386 ], [ -39.6363919, -11.9972619 ], [ -39.6241108, -12.0148065 ], [ -39.6067454, -12.0272354 ], [ -39.5910014, -12.0537532 ], [ -39.5769031, -12.0391404 ], [ -39.5366242, -12.0255033 ], [ -39.4656521, -12.0111213 ], [ -39.4582299, -12.0129944 ], [ -39.4125766, -12.0029532 ], [ -39.4011079, -11.9921994 ], [ -39.3885617, -11.9919629 ], [ -39.3720677, -11.9804669 ], [ -39.3676601, -11.9699736 ], [ -39.3463147, -11.9682906 ], [ -39.3135182, -11.9781511 ], [ -39.3097238, -11.9894956 ], [ -39.2966769, -11.9907993 ], [ -39.1749652, -11.9813766 ], [ -39.1736612, -11.9646379 ], [ -39.1622393, -11.962581 ], [ -39.1641199, -11.9510134 ], [ -39.1457582, -11.944165 ], [ -39.1340371, -11.9289119 ], [ -39.120198, -11.9245945 ], [ -39.1082909, -11.8978488 ], [ -39.0968486, -11.8859454 ], [ -39.083031, -11.8586711 ], [ -39.0870193, -11.8494401 ], [ -39.0832649, -11.8334198 ], [ -39.0746704, -11.8281155 ], [ -39.0395329, -11.8260733 ], [ -39.0231546, -11.8190944 ], [ -39.0129914, -11.821043 ], [ -39.00482, -11.811638 ], [ -38.9804882, -11.8108838 ], [ -38.9685698, -11.8255468 ], [ -38.9543194, -11.8243737 ], [ -38.9353826, -11.8382492 ], [ -38.9283705, -11.8588595 ], [ -38.9282458, -11.8723975 ], [ -38.9152761, -11.8996483 ], [ -38.9006478, -11.8817087 ], [ -38.889554, -11.8584248 ], [ -38.8764552, -11.8226925 ], [ -38.8706526, -11.8192558 ], [ -38.8646604, -11.8005483 ], [ -38.8502061, -11.7959867 ], [ -38.8377147, -11.7774813 ], [ -38.8217982, -11.7700659 ], [ -38.8175739, -11.7567267 ], [ -38.7933855, -11.7329411 ], [ -38.7920627, -11.7236344 ], [ -38.7651531, -11.7019805 ], [ -38.7467597, -11.6925958 ], [ -38.7297417, -11.695911 ], [ -38.7169138, -11.6913379 ], [ -38.6803936, -11.6973651 ], [ -38.6742408, -11.6929087 ], [ -38.737418, -11.5005192 ], [ -38.7817915, -11.3653915 ], [ -38.7741465, -11.3563555 ], [ -38.7964698, -11.3531185 ], [ -38.8041417, -11.3469947 ], [ -38.8189313, -11.3529159 ], [ -38.8585065, -11.3533344 ], [ -38.8723489, -11.3462344 ], [ -38.9409698, -11.0800749 ], [ -38.946773, -11.0701208 ], [ -38.9453353, -11.0523919 ], [ -38.9692706, -11.0494801 ], [ -39.0063787, -11.0533633 ], [ -39.0126978, -11.034962 ], [ -39.0326723, -11.0309479 ], [ -39.0475014, -11.0211365 ], [ -39.0645308, -11.0337167 ], [ -39.0697716, -11.0434204 ], [ -39.0914175, -11.0368333 ], [ -39.1001141, -11.0228465 ], [ -39.1157475, -11.0179994 ], [ -39.161688, -11.0098526 ], [ -39.1659935, -11.019267 ], [ -39.184494, -11.0123734 ], [ -39.203796, -10.9998807 ], [ -39.2319947, -11.0003741 ], [ -39.265072, -10.9917177 ], [ -39.270598799999988, -10.9864701 ], [ -39.290547, -10.9846349 ], [ -39.3069429, -10.9896235 ], [ -39.3435518, -10.9715354 ], [ -39.3538177, -10.9801361 ], [ -39.3565097, -10.9908608 ], [ -39.3785969, -10.9952086 ], [ -39.4098402, -11.0082003 ], [ -39.4208544, -11.0290411 ], [ -39.442497, -11.0415476 ], [ -39.4556608, -11.0593397 ], [ -39.4770457, -11.0698951 ], [ -39.4808829, -11.0811511 ], [ -39.4927679, -11.0945391 ], [ -39.540291, -11.1156351 ], [ -39.5453372, -11.122859 ], [ -39.5714851, -11.131948 ], [ -39.5817725, -11.1433891 ], [ -39.6016981, -11.1540546 ], [ -39.6178968, -11.1729632 ], [ -39.6341617, -11.1809416 ], [ -39.6484478, -11.2011057 ], [ -39.6618547, -11.2116109 ], [ -39.7030053, -11.2237596 ], [ -39.7259618, -11.2362765 ], [ -39.7422608, -11.2504046 ], [ -39.7750376, -11.2665385 ], [ -39.7916628, -11.2719341 ], [ -39.8020887, -11.2808777 ], [ -39.8242963, -11.2899711 ], [ -39.8391987, -11.3071136 ], [ -39.8618464, -11.3129368 ], [ -39.8624721, -11.3186759 ], [ -39.8485707, -11.3503379 ], [ -39.8156798, -11.3766892 ], [ -39.806767, -11.388634 ], [ -39.787281, -11.4043938 ], [ -39.7641894, -11.4110669 ], [ -39.7556534, -11.42672 ], [ -39.7652296, -11.4290825 ], [ -39.7712298, -11.4581128 ], [ -39.7836053, -11.4645366 ], [ -39.7909582, -11.4778642 ], [ -39.8246764, -11.5002865 ], [ -39.8390859, -11.4948569 ], [ -39.848267, -11.4806693 ], [ -39.8581994, -11.4908767 ], [ -39.8832174, -11.4812348 ], [ -39.9082095, -11.4946884 ], [ -39.9310765, -11.4950142 ], [ -39.9344738, -11.4798117 ], [ -39.9685841, -11.4908669 ], [ -39.9604311, -11.558207 ], [ -39.9583663, -11.6150763 ], [ -39.9625116, -11.6228103 ], [ -39.9473696, -11.6582844 ], [ -39.9389613, -11.6578273 ], [ -39.9255327, -11.6674613 ], [ -39.9189229, -11.6903004 ], [ -39.9080292, -11.7070503 ], [ -39.9085779, -11.7205959 ] ] ] } },
{ "type": "Feature", "properties": { "name_micro": "VALENCA", "total_migrantes": 24, "populacao": 273709.0, "taxa_100k": 0.8768436551227764, "ano": 2025.0 }, "geometry": { "type": "Polygon", "coordinates": [ [ [ -39.1713228, -13.2332741 ], [ -39.1908814, -13.2390686 ], [ -39.2030157, -13.2222112 ], [ -39.2193522, -13.2398332 ], [ -39.2186216, -13.2627961 ], [ -39.2125165, -13.2653679 ], [ -39.2043612, -13.2850655 ], [ -39.2318963, -13.2918979 ], [ -39.2406926, -13.2718887 ], [ -39.2477691, -13.2659872 ], [ -39.269837, -13.2627149 ], [ -39.2802471, -13.2449741 ], [ -39.2928117, -13.2379178 ], [ -39.2995908, -13.2245569 ], [ -39.3154276, -13.2060813 ], [ -39.337731, -13.1996717 ], [ -39.3344773, -13.2180747 ], [ -39.346951499999989, -13.2510948 ], [ -39.3662921, -13.2478864 ], [ -39.381222099999988, -13.2329743 ], [ -39.3981644, -13.2394781 ], [ -39.4039282, -13.2339182 ], [ -39.4164207, -13.2425874 ], [ -39.425181, -13.237077 ], [ -39.4359187, -13.2408594 ], [ -39.4260988, -13.2659169 ], [ -39.4330336, -13.2707637 ], [ -39.4280784, -13.2956727 ], [ -39.4349823, -13.3017926 ], [ -39.4447431, -13.2881834 ], [ -39.451851499999989, -13.3014395 ], [ -39.4709498, -13.3065688 ], [ -39.4675857, -13.3295321 ], [ -39.4798204, -13.3383112 ], [ -39.470533, -13.3479251 ], [ -39.472991, -13.3568715 ], [ -39.4648102, -13.3733669 ], [ -39.484477, -13.3803956 ], [ -39.4879572, -13.4020602 ], [ -39.5031897, -13.4197394 ], [ -39.5169101, -13.4260971 ], [ -39.5459635, -13.4503916 ], [ -39.5693758, -13.4773184 ], [ -39.5745469, -13.4877559 ], [ -39.5623788, -13.4959565 ], [ -39.5502424, -13.495233 ], [ -39.5394192, -13.513015 ], [ -39.5165034, -13.5049026 ], [ -39.500362, -13.5173919 ], [ -39.4955112, -13.5315539 ], [ -39.4660721, -13.5231627 ], [ -39.4443831, -13.5103388 ], [ -39.4077277, -13.5243138 ], [ -39.3920647, -13.5409182 ], [ -39.3710806, -13.5438656 ], [ -39.3743166, -13.5824131 ], [ -39.3518798, -13.5848257 ], [ -39.3601223, -13.6240179 ], [ -39.3535035, -13.6567807 ], [ -39.3684668, -13.6578883 ], [ -39.3970587, -13.6464891 ], [ -39.4244892, -13.6540861 ], [ -39.4467734, -13.6894934 ], [ -39.4397736, -13.7244744 ], [ -39.4306647, -13.7253182 ], [ -39.3957062, -13.7194666 ], [ -39.3918184, -13.7344172 ], [ -39.4025771, -13.7484376 ], [ -39.406401099999989, -13.7646029 ], [ -39.4205886, -13.7749349 ], [ -39.4387325, -13.8022641 ], [ -39.4331952, -13.8177826 ], [ -39.4321844, -13.842911 ], [ -39.4431891, -13.8682578 ], [ -39.4480502, -13.8916437 ], [ -39.4349833, -13.8935632 ], [ -39.4224642, -13.9061571 ], [ -39.413077799999989, -13.8885722 ], [ -39.4034593, -13.8943009 ], [ -39.400779799999988, -13.9094673 ], [ -39.3754581, -13.9145749 ], [ -39.3822161, -13.9420072 ], [ -39.3934616, -13.951104 ], [ -39.397068499999989, -13.9687862 ], [ -39.3913884, -13.9912689 ], [ -39.4049066, -13.9898552 ], [ -39.4043528, -14.0236616 ], [ -39.3828095, -14.0270982 ], [ -39.3716801, -14.0342631 ], [ -39.3655898, -14.0500178 ], [ -39.3553545, -14.0458948 ], [ -39.3466743, -14.0525285 ], [ -39.3397158, -14.0808167 ], [ -39.3303481, -14.0892404 ], [ -39.3331496, -14.1009348 ], [ -39.3495506, -14.1155593 ], [ -39.3432639, -14.1230902 ], [ -39.3489217, -14.1400109 ], [ -39.3461177, -14.1482842 ], [ -39.372389, -14.1748823 ], [ -39.3929446, -14.1761811 ], [ -39.409496, -14.1866385 ], [ -39.4438228, -14.1999027 ], [ -39.447179, -14.2159383 ], [ -39.4441881, -14.2415398 ], [ -39.412988, -14.2362053 ], [ -39.323427, -14.2545772 ], [ -39.3181376, -14.2783834 ], [ -39.3032006, -14.266607 ], [ -39.2835799, -14.274822 ], [ -39.2618147, -14.2905163 ], [ -39.2536854, -14.2799101 ], [ -39.2226815, -14.2642238 ], [ -39.2043469, -14.2714384 ], [ -39.160593, -14.2749448 ], [ -39.1378972, -14.2674209 ], [ -39.1373244, -14.2580751 ], [ -39.1192021, -14.2531375 ], [ -39.0932417, -14.2529428 ], [ -39.073526, -14.2458196 ], [ -39.0476578, -14.2520262 ], [ -39.0275519, -14.2473014 ], [ -39.0191897, -14.2295929 ], [ -39.0062098, -14.2267779 ], [ -38.9955491, -14.2334563 ], [ -38.9888681, -14.21737 ], [ -38.990275, -14.2017156 ], [ -38.9857645, -14.1818862 ], [ -38.9779078, -14.1681379 ], [ -38.9756245, -14.1426068 ], [ -38.9643744, -14.1025025 ], [ -38.9545683, -14.0769468 ], [ -38.9548937, -14.0655581 ], [ -38.9429118, -14.0151861 ], [ -38.9433312, -13.9971141 ], [ -38.9276929, -13.9398459 ], [ -38.930452, -13.9320494 ], [ -38.9287859, -13.9068342 ], [ -38.936327299999988, -13.8866914 ], [ -38.9470325, -13.8792706 ], [ -38.9854179, -13.8246765 ], [ -38.9966936, -13.7978738 ], [ -39.0003368, -13.7757142 ], [ -38.9976567, -13.7475608 ], [ -38.9891554, -13.718371 ], [ -38.9817647, -13.7052548 ], [ -38.9628537, -13.6866764 ], [ -38.9591307, -13.6711978 ], [ -38.9363942, -13.6580418 ], [ -38.9212133, -13.6609004 ], [ -38.9175093, -13.6742339 ], [ -38.8984879, -13.665992 ], [ -38.8911288, -13.6405308 ], [ -38.9056375, -13.622713 ], [ -38.9013877, -13.6017516 ], [ -38.9274305, -13.5772435 ], [ -38.9333737, -13.5631951 ], [ -38.9329436, -13.5459675 ], [ -38.9256061, -13.5128461 ], [ -38.9108792, -13.4932485 ], [ -38.9170404, -13.4837908 ], [ -38.8923543, -13.4606089 ], [ -38.89205, -13.4508385 ], [ -38.9056233, -13.4272646 ], [ -38.9076001, -13.3959243 ], [ -38.904946599999988, -13.3863624 ], [ -38.9176729, -13.3774155 ], [ -38.9462404, -13.3989233 ], [ -38.9558431, -13.3797475 ], [ -38.96705, -13.3414182 ], [ -38.9647167, -13.294884 ], [ -38.9564468, -13.2635322 ], [ -38.9484147, -13.2455322 ], [ -38.9328954, -13.2219775 ], [ -38.9188438, -13.2135782 ], [ -38.9398168, -13.2058136 ], [ -38.9573772, -13.2156932 ], [ -38.9628762, -13.2317474 ], [ -38.9881127, -13.2483751 ], [ -38.9965836, -13.2489033 ], [ -39.0108384, -13.2272567 ], [ -39.0195329, -13.2418381 ], [ -39.0274504, -13.2451019 ], [ -39.0505217, -13.2409617 ], [ -39.0700809, -13.2458443 ], [ -39.0821781, -13.2554764 ], [ -39.0921458, -13.248008 ], [ -39.102425, -13.2585157 ], [ -39.1250204, -13.2464852 ], [ -39.1315116, -13.237824 ], [ -39.1505853, -13.2253365 ], [ -39.1630347, -13.2359394 ], [ -39.1713228, -13.2332741 ] ] ] } },
{ "type": "Feature", "properties": { "name_micro": "VITORIA DA CONQUISTA", "total_migrantes": 44, "populacao": 709731.0, "taxa_100k": 0.61995319353388822, "ano": 2025.0 }, "geometry": { "type": "Polygon", "coordinates": [ [ [ -41.3619194, -15.4950281 ], [ -41.3500711, -15.5008848 ], [ -41.3364591, -15.4977817 ], [ -41.3179685, -15.5126573 ], [ -41.3047084, -15.5085465 ], [ -41.2851142, -15.5127533 ], [ -41.2566606, -15.5145668 ], [ -41.2438243, -15.5093283 ], [ -41.2242101, -15.5096882 ], [ -41.2139064, -15.4953605 ], [ -41.2026067, -15.4939697 ], [ -41.2023064, -15.506755 ], [ -41.1822831, -15.5245026 ], [ -41.1740493, -15.5360394 ], [ -41.1385046, -15.5350124 ], [ -41.1324526, -15.5244052 ], [ -41.0912471, -15.5187601 ], [ -41.0792698, -15.5127148 ], [ -41.0521583, -15.5090232 ], [ -41.0470007, -15.4975124 ], [ -41.0314863, -15.4832692 ], [ -41.0343579, -15.4727519 ], [ -41.020057799999989, -15.470098 ], [ -41.0025735, -15.4783143 ], [ -40.9753704, -15.4758163 ], [ -40.9557413, -15.4651028 ], [ -40.9493018, -15.4496459 ], [ -40.9356499, -15.4444241 ], [ -40.9261248, -15.422749 ], [ -40.933690899999988, -15.4196198 ], [ -40.9332586, -15.3715115 ], [ -40.941397, -15.3588746 ], [ -40.9342957, -15.3521671 ], [ -40.9336843, -15.3389709 ], [ -40.9061093, -15.3203451 ], [ -40.9062846, -15.3090713 ], [ -40.8817676, -15.2934646 ], [ -40.8354781, -15.2975598 ], [ -40.820348599999988, -15.3040528 ], [ -40.8171477, -15.283488 ], [ -40.8475777, -15.26941 ], [ -40.8198862, -15.2026758 ], [ -40.7018468, -15.0763613 ], [ -40.5508936, -15.0371088 ], [ -40.5246348, -15.0360649 ], [ -40.5132766, -15.05595 ], [ -40.4902434, -15.0471936 ], [ -40.4825606, -15.0383972 ], [ -40.4658256, -15.0313617 ], [ -40.4462189, -15.0426879 ], [ -40.4240423, -15.0381669 ], [ -40.4196571, -15.0524367 ], [ -40.4223421, -15.0646792 ], [ -40.4169331, -15.0802005 ], [ -40.3825604, -15.0952537 ], [ -40.3721733, -15.093955 ], [ -40.3596501, -15.103737 ], [ -40.3381479, -15.1008683 ], [ -40.3301924, -15.082179 ], [ -40.3021517, -15.0883091 ], [ -40.2642984, -15.0733928 ], [ -40.2536351, -15.0633976 ], [ -40.2519578, -15.0501332 ], [ -40.2361613, -15.0482597 ], [ -40.2488827, -15.0292231 ], [ -40.2329911, -15.031341 ], [ -40.2193474, -15.022649 ], [ -40.2063157, -15.0252756 ], [ -40.181885, -15.0098247 ], [ -40.1551125, -15.009821 ], [ -40.1526332, -15.0242305 ], [ -40.1394967, -15.0245396 ], [ -40.1327524, -15.0153038 ], [ -40.123068, -15.0208651 ], [ -40.1148671, -15.0354229 ], [ -40.1021533, -15.0447885 ], [ -40.0827234, -15.0286147 ], [ -40.091497, -15.0156097 ], [ -40.0849362, -15.0044681 ], [ -40.0729648, -15.0043274 ], [ -40.0562305, -14.9784771 ], [ -40.0502075, -14.9543856 ], [ -40.025396, -14.9581666 ], [ -40.0153411, -14.9658576 ], [ -39.994123099999989, -14.9726538 ], [ -39.9834473, -14.969257 ], [ -39.9765514, -14.9589132 ], [ -39.9681436, -14.9344961 ], [ -39.959190799999988, -14.9349222 ], [ -39.9443525, -14.9095267 ], [ -39.9379573, -14.8774762 ], [ -39.9405383, -14.855552 ], [ -39.9210475, -14.8466352 ], [ -39.9056631, -14.8111955 ], [ -39.8991657, -14.8248643 ], [ -39.8732246, -14.8168325 ], [ -39.8704205, -14.7993081 ], [ -39.8624485, -14.7861464 ], [ -39.8507275, -14.785697 ], [ -39.8309947, -14.7747709 ], [ -39.822045, -14.7474537 ], [ -39.8129315, -14.7512139 ], [ -39.7890347, -14.7416181 ], [ -39.784987, -14.7303156 ], [ -39.753312799999989, -14.7424994 ], [ -39.7506584, -14.7199591 ], [ -39.7583531, -14.7123281 ], [ -39.751157, -14.6954417 ], [ -39.7519486, -14.6846697 ], [ -39.7456329, -14.6585657 ], [ -39.736597599999989, -14.6522903 ], [ -39.7294087, -14.6378078 ], [ -39.7293484, -14.6203925 ], [ -39.7227865, -14.6163328 ], [ -39.7188118, -14.598067 ], [ -39.7232372, -14.5906018 ], [ -39.7156405, -14.5785682 ], [ -39.7347933, -14.5563965 ], [ -39.7310051, -14.5360391 ], [ -39.7329612, -14.517018 ], [ -39.7253451, -14.4900679 ], [ -39.7184546, -14.4841337 ], [ -39.7081304, -14.4518921 ], [ -39.7063028, -14.4251749 ], [ -39.7153313, -14.4156826 ], [ -39.6968077, -14.3694393 ], [ -39.7161479, -14.3677387 ], [ -39.7415289, -14.371982 ], [ -39.7432497, -14.3561453 ], [ -39.7644085, -14.3595046 ], [ -39.7796328, -14.3500975 ], [ -39.7901191, -14.3506165 ], [ -39.8041926, -14.3672817 ], [ -39.8250988, -14.3840883 ], [ -39.8496439, -14.3748431 ], [ -39.8549602, -14.3831939 ], [ -39.8717272, -14.3861063 ], [ -39.8906991, -14.3805542 ], [ -39.9077755, -14.3642811 ], [ -39.9333955, -14.3672646 ], [ -39.9483333, -14.362948 ], [ -39.9583437, -14.3534509 ], [ -39.9823261, -14.321681 ], [ -40.0020398, -14.2816508 ], [ -40.0054667, -14.2661748 ], [ -40.0135745, -14.2878457 ], [ -40.0302386, -14.2830722 ], [ -40.0543512, -14.2832631 ], [ -40.0676855, -14.2456878 ], [ -40.0773631, -14.2523893 ], [ -40.0907496, -14.2790177 ], [ -40.1129724, -14.2279652 ], [ -40.1360483, -14.246637 ], [ -40.1634981, -14.2530319 ], [ -40.1703153, -14.2494122 ], [ -40.1699232, -14.2312833 ], [ -40.1872497, -14.2185232 ], [ -40.1888454, -14.2013635 ], [ -40.1835781, -14.1890933 ], [ -40.1816243, -14.1671723 ], [ -40.1763371, -14.1526617 ], [ -40.1754038, -14.134914 ], [ -40.1815979, -14.1231268 ], [ -40.1939453, -14.1276601 ], [ -40.2109011, -14.1257429 ], [ -40.2214601, -14.0956139 ], [ -40.2150444, -14.0844384 ], [ -40.2198858, -14.0721185 ], [ -40.2075154, -14.0706375 ], [ -40.2052688, -14.0538629 ], [ -40.2158616, -14.0361137 ], [ -40.2320913, -14.0309628 ], [ -40.2471843, -14.0423086 ], [ -40.3071182, -14.0088699 ], [ -40.3185984, -14.0062575 ], [ -40.3467205, -14.0252736 ], [ -40.3493213, -14.0328979 ], [ -40.5098936, -13.949818 ], [ -40.516779899999989, -13.9412202 ], [ -40.5144221, -13.9159891 ], [ -40.5064878, -13.9006692 ], [ -40.505649, -13.8881369 ], [ -40.5276496, -13.8879243 ], [ -40.529134299999988, -13.8696476 ], [ -40.5349659, -13.8660053 ], [ -40.5509698, -13.8721758 ], [ -40.5756763, -13.8723315 ], [ -40.5928828, -13.8664974 ], [ -40.610089599999988, -13.8652585 ], [ -40.616394, -13.8547707 ], [ -40.6347438, -13.8492807 ], [ -40.6480421, -13.8356885 ], [ -40.678502, -13.8504363 ], [ -40.6937918, -13.8382373 ], [ -40.7147626, -13.8410392 ], [ -40.7258981, -13.8317922 ], [ -40.736149499999989, -13.8357925 ], [ -40.7903634, -13.8342233 ], [ -40.8187367, -13.8395206 ], [ -40.8556332, -13.8500725 ], [ -40.8794145, -13.8438864 ], [ -40.8904376, -13.8686557 ], [ -40.9056676, -13.8861193 ], [ -40.9336482, -13.8922242 ], [ -40.9278782, -13.9046223 ], [ -40.9159216, -13.900928 ], [ -40.9115843, -13.9138659 ], [ -40.9288623, -13.9192057 ], [ -40.9375833, -13.9103087 ], [ -40.9509664, -13.9070287 ], [ -40.9630276, -13.921061 ], [ -40.9596588, -13.9358642 ], [ -40.980853, -13.9445447 ], [ -40.9758931, -13.9561365 ], [ -40.9823254, -13.9652569 ], [ -40.979163, -13.976816 ], [ -40.983873, -13.9889595 ], [ -41.0015663, -14.0089421 ], [ -40.9782193, -14.0223496 ], [ -41.0076003, -14.0472233 ], [ -41.0006466, -14.0692564 ], [ -41.0203923, -14.0700106 ], [ -41.0147754, -14.087044 ], [ -41.0258464, -14.0948916 ], [ -41.0214842, -14.1104908 ], [ -41.024778, -14.1202747 ], [ -41.0145831, -14.13141 ], [ -41.0356087, -14.1511361 ], [ -41.0402312, -14.1594132 ], [ -41.0216037, -14.1646636 ], [ -41.013464299999988, -14.1593123 ], [ -41.0013376, -14.1688283 ], [ -41.0189659, -14.1885372 ], [ -41.0072127, -14.2106653 ], [ -41.0124443, -14.2200591 ], [ -41.0308485, -14.2187821 ], [ -41.0472713, -14.2288739 ], [ -41.0255691, -14.2470933 ], [ -41.0457311, -14.2473364 ], [ -41.0651236, -14.2609821 ], [ -41.0719888, -14.2758675 ], [ -41.0920808, -14.2872445 ], [ -41.0890071, -14.3092218 ], [ -41.1020004, -14.3212743 ], [ -41.1028416, -14.3303861 ], [ -41.0909373, -14.3434205 ], [ -41.1047735, -14.3536954 ], [ -41.1089055, -14.36513 ], [ -41.0890945, -14.3777541 ], [ -41.0745105, -14.3820193 ], [ -41.0695483, -14.4039872 ], [ -41.0834144, -14.4170245 ], [ -41.0925446, -14.4432066 ], [ -41.0758828, -14.4500655 ], [ -41.0691309, -14.4656668 ], [ -41.0787178, -14.4726225 ], [ -41.0782472, -14.4866105 ], [ -41.0930812, -14.489122 ], [ -41.1060861, -14.5161252 ], [ -41.1048488, -14.53123 ], [ -41.1170255, -14.5371054 ], [ -41.1174486, -14.5483438 ], [ -41.1262966, -14.5557361 ], [ -41.1235777, -14.570819 ], [ -41.1435079, -14.5872655 ], [ -41.1308495, -14.6051296 ], [ -41.1616254, -14.6134914 ], [ -41.1656195, -14.6073168 ], [ -41.182434, -14.6140635 ], [ -41.192943, -14.6327654 ], [ -41.1920786, -14.6498241 ], [ -41.2025772, -14.661233 ], [ -41.2182041, -14.6686494 ], [ -41.2250948, -14.6828557 ], [ -41.2195723, -14.6937716 ], [ -41.2271474, -14.7052449 ], [ -41.2200224, -14.713758 ], [ -41.2207116, -14.7385479 ], [ -41.2395432, -14.7377583 ], [ -41.2599412, -14.7288119 ], [ -41.2599634, -14.7465435 ], [ -41.2796985, -14.7539601 ], [ -41.2801223, -14.7635305 ], [ -41.2639584, -14.7807173 ], [ -41.2691339, -14.7886283 ], [ -41.2583137, -14.8312173 ], [ -41.2677936, -14.844272 ], [ -41.2681628, -14.8788188 ], [ -41.2620871, -14.8941393 ], [ -41.2635026, -14.9125877 ], [ -41.2393165, -14.9316136 ], [ -41.2377479, -14.9560956 ], [ -41.225371, -14.9646836 ], [ -41.2185642, -14.997728 ], [ -41.3021682, -15.0239593 ], [ -41.2998794, -15.0380653 ], [ -41.2895347, -15.0525058 ], [ -41.288585, -15.0683466 ], [ -41.294588, -15.078913 ], [ -41.3172104, -15.097657 ], [ -41.3148454, -15.103819 ], [ -41.3331366, -15.1269837 ], [ -41.3399518, -15.1200163 ], [ -41.366992, -15.140333 ], [ -41.3788714, -15.1639417 ], [ -41.413193799999988, -15.1646863 ], [ -41.3949738, -15.2534428 ], [ -41.3851207, -15.2777272 ], [ -41.3890933, -15.2842375 ], [ -41.4060492, -15.2822575 ], [ -41.4238105, -15.3071915 ], [ -41.4155539, -15.3280761 ], [ -41.4343366, -15.3442451 ], [ -41.4473323, -15.370873 ], [ -41.4566698, -15.3793748 ], [ -41.4561044, -15.4103354 ], [ -41.3619194, -15.4950281 ] ] ] } }
]
}
